method,kappa_c,kappa_f,sweep,N,observable,mean,se,uncertainty_method
Native L64,0.340301,0.340301,native,5000,action_density,-0.5499091742586578,0.0003807168933376472,"configuration bootstrap, 4000 replicates"
Native L64,0.340301,0.340301,native,5000,phi2,0.8283450462711935,0.00024180211343245058,"configuration bootstrap, 4000 replicates"
Native L64,0.340301,0.340301,native,5000,phi4,1.0500954679103205,0.0004703275812779924,"configuration bootstrap, 4000 replicates"
Native L64,0.340301,0.340301,native,5000,NN,0.5668948929754721,0.0004003511675635228,"configuration bootstrap, 4000 replicates"
Native L64,0.340301,0.340301,native,5000,2nn,0.4744377580382732,0.0005517981195381459,"configuration bootstrap, 4000 replicates"
Native L64,0.340301,0.340301,native,5000,diag,0.5077338222818104,0.0004824233938266337,"configuration bootstrap, 4000 replicates"
Native L64,0.340301,0.340301,native,5000,chi,1220.0013762560363,7.276380532230103,"configuration bootstrap, 4000 replicates"
Native L64,0.340301,0.340301,native,5000,U4,0.607446502286265,0.0015596332461541955,"configuration bootstrap, 4000 replicates"
Native L64,0.340301,0.340301,native,5000,xi_over_L,0.8807268919716937,0.010782813734403563,"configuration bootstrap, 4000 replicates"
Wolff,0.340301,0.340301,0,5000,action_density,-0.5268401626025451,0.00041514634826990177,"configuration bootstrap, 4000 replicates"
Wolff,0.340301,0.340301,0,5000,phi2,0.829876725359392,0.00022920401863288288,"configuration bootstrap, 4000 replicates"
Wolff,0.340301,0.340301,0,5000,phi4,1.0775933421003683,0.0004328140743883656,"configuration bootstrap, 4000 replicates"
Wolff,0.340301,0.340301,0,5000,NN,0.5690232906629139,0.00039520688366968305,"configuration bootstrap, 4000 replicates"
Wolff,0.340301,0.340301,0,5000,2nn,0.4784282897217423,0.000548943776849301,"configuration bootstrap, 4000 replicates"
Wolff,0.340301,0.340301,0,5000,diag,0.5131414187822815,0.0004797778133222319,"configuration bootstrap, 4000 replicates"
Wolff,0.340301,0.340301,0,5000,chi,1244.0192256780294,7.184439012197161,"configuration bootstrap, 4000 replicates"
Wolff,0.340301,0.340301,0,5000,U4,0.6099920008129911,0.0014628012327354385,"configuration bootstrap, 4000 replicates"
Wolff,0.340301,0.340301,0,5000,xi_over_L,0.8978215737823045,0.01095380638912963,"configuration bootstrap, 4000 replicates"
Wolff,0.340301,0.340301,10,5000,action_density,-0.5502614111072323,0.00037859461381446746,"configuration bootstrap, 4000 replicates"
Wolff,0.340301,0.340301,10,5000,phi2,0.828563784191187,0.00023840120480284407,"configuration bootstrap, 4000 replicates"
Wolff,0.340301,0.340301,10,5000,phi4,1.0506670006085435,0.00046499088018534635,"configuration bootstrap, 4000 replicates"
Wolff,0.340301,0.340301,10,5000,NN,0.5674128400479199,0.00039724866503484566,"configuration bootstrap, 4000 replicates"
Wolff,0.340301,0.340301,10,5000,2nn,0.4754046040857907,0.0005452843223195378,"configuration bootstrap, 4000 replicates"
Wolff,0.340301,0.340301,10,5000,diag,0.5085412422444008,0.00047829191819047633,"configuration bootstrap, 4000 replicates"
Wolff,0.340301,0.340301,10,5000,chi,1238.9018525842782,7.0856716119602,"configuration bootstrap, 4000 replicates"
Wolff,0.340301,0.340301,10,5000,U4,0.612108423211843,0.0014454735570287053,"configuration bootstrap, 4000 replicates"
Wolff,0.340301,0.340301,10,5000,xi_over_L,0.9049203092702639,0.011035313765021013,"configuration bootstrap, 4000 replicates"
Wolff,0.340301,0.340301,20,5000,action_density,-0.550067990308432,0.00037091884410935373,"configuration bootstrap, 4000 replicates"
Wolff,0.340301,0.340301,20,5000,phi2,0.8284317535953193,0.00023604017377569172,"configuration bootstrap, 4000 replicates"
Wolff,0.340301,0.340301,20,5000,phi4,1.0504533141353074,0.0004559584556637508,"configuration bootstrap, 4000 replicates"
Wolff,0.340301,0.340301,20,5000,NN,0.5672107566892397,0.0003892658177585067,"configuration bootstrap, 4000 replicates"
Wolff,0.340301,0.340301,20,5000,2nn,0.47487206854065517,0.0005397563527658191,"configuration bootstrap, 4000 replicates"
Wolff,0.340301,0.340301,20,5000,diag,0.5081034405201453,0.0004687162102678526,"configuration bootstrap, 4000 replicates"
Wolff,0.340301,0.340301,20,5000,chi,1228.7124935541256,7.107771688273632,"configuration bootstrap, 4000 replicates"
Wolff,0.340301,0.340301,20,5000,U4,0.6094599171130781,0.0015213516414515503,"configuration bootstrap, 4000 replicates"
Wolff,0.340301,0.340301,20,5000,xi_over_L,0.892410533276862,0.010865436148222569,"configuration bootstrap, 4000 replicates"
Wolff,0.340301,0.340301,50,5000,action_density,-0.5499705043869845,0.000376895453033742,"configuration bootstrap, 4000 replicates"
Wolff,0.340301,0.340301,50,5000,phi2,0.8284682316930313,0.00023948280842811035,"configuration bootstrap, 4000 replicates"
Wolff,0.340301,0.340301,50,5000,phi4,1.0505913529916775,0.00046379409765459205,"configuration bootstrap, 4000 replicates"
Wolff,0.340301,0.340301,50,5000,NN,0.5672137502428958,0.0003967717556166068,"configuration bootstrap, 4000 replicates"
Wolff,0.340301,0.340301,50,5000,2nn,0.47510995362599706,0.0005494398960531338,"configuration bootstrap, 4000 replicates"
Wolff,0.340301,0.340301,50,5000,diag,0.50813145924245,0.00047787842260138444,"configuration bootstrap, 4000 replicates"
Wolff,0.340301,0.340301,50,5000,chi,1232.8417334572355,7.242872511076669,"configuration bootstrap, 4000 replicates"
Wolff,0.340301,0.340301,50,5000,U4,0.6101246272078507,0.0014946611880266322,"configuration bootstrap, 4000 replicates"
Wolff,0.340301,0.340301,50,5000,xi_over_L,0.8951094344590692,0.01102939062826171,"configuration bootstrap, 4000 replicates"
Wolff,0.340301,0.340301,100,5000,action_density,-0.5498302023460475,0.0003643914144112169,"configuration bootstrap, 4000 replicates"
Wolff,0.340301,0.340301,100,5000,phi2,0.8281977225676019,0.00023677131313211563,"configuration bootstrap, 4000 replicates"
Wolff,0.340301,0.340301,100,5000,phi4,1.0499249562525759,0.00046132064827580503,"configuration bootstrap, 4000 replicates"
Wolff,0.340301,0.340301,100,5000,NN,0.5668198418686851,0.0003858086338521196,"configuration bootstrap, 4000 replicates"
Wolff,0.340301,0.340301,100,5000,2nn,0.47469310123055536,0.00053099099660234,"configuration bootstrap, 4000 replicates"
Wolff,0.340301,0.340301,100,5000,diag,0.5078560425505472,0.0004637708030745483,"configuration bootstrap, 4000 replicates"
Wolff,0.340301,0.340301,100,5000,chi,1231.8732085534953,7.138792130003185,"configuration bootstrap, 4000 replicates"
Wolff,0.340301,0.340301,100,5000,U4,0.6106439180188559,0.0014981196882538485,"configuration bootstrap, 4000 replicates"
Wolff,0.340301,0.340301,100,5000,xi_over_L,0.9002567024223327,0.011030359272299617,"configuration bootstrap, 4000 replicates"
Wolff,0.340100,0.340301,0,3000,action_density,-0.5254425681744141,0.0005557670690051359,"configuration bootstrap, 4000 replicates"
Wolff,0.340100,0.340301,0,3000,phi2,0.8290191275760214,0.00030257166224382983,"configuration bootstrap, 4000 replicates"
Wolff,0.340100,0.340301,0,3000,phi4,1.0764037606858758,0.0005705433791603991,"configuration bootstrap, 4000 replicates"
Wolff,0.340100,0.340301,0,3000,NN,0.5677526669656189,0.0005247075423865631,"configuration bootstrap, 4000 replicates"
Wolff,0.340100,0.340301,0,3000,2nn,0.4762771710458225,0.0007280744625454765,"configuration bootstrap, 4000 replicates"
Wolff,0.340100,0.340301,0,3000,diag,0.5113478644151236,0.0006364002647859821,"configuration bootstrap, 4000 replicates"
Wolff,0.340100,0.340301,0,3000,chi,1211.4271425779673,9.725522868230655,"configuration bootstrap, 4000 replicates"
Wolff,0.340100,0.340301,0,3000,U4,0.603330365311789,0.0021264962419798063,"configuration bootstrap, 4000 replicates"
Wolff,0.340100,0.340301,0,3000,xi_over_L,0.8681850876058567,0.013753154914885846,"configuration bootstrap, 4000 replicates"
Wolff,0.340100,0.340301,10,3000,action_density,-0.5497262674795846,0.00047320669117465944,"configuration bootstrap, 4000 replicates"
Wolff,0.340100,0.340301,10,3000,phi2,0.8279652551643717,0.0003040379661684922,"configuration bootstrap, 4000 replicates"
Wolff,0.340100,0.340301,10,3000,phi4,1.0494395780560337,0.0005920688069215222,"configuration bootstrap, 4000 replicates"
Wolff,0.340100,0.340301,10,3000,NN,0.5665576874379201,0.0004981525921777336,"configuration bootstrap, 4000 replicates"
Wolff,0.340100,0.340301,10,3000,2nn,0.47421987673068544,0.0006884824432452784,"configuration bootstrap, 4000 replicates"
Wolff,0.340100,0.340301,10,3000,diag,0.5074750632763225,0.0005995331397218534,"configuration bootstrap, 4000 replicates"
Wolff,0.340100,0.340301,10,3000,chi,1234.5923304203525,9.140878300107195,"configuration bootstrap, 4000 replicates"
Wolff,0.340100,0.340301,10,3000,U4,0.611624711990975,0.0018794803757438883,"configuration bootstrap, 4000 replicates"
Wolff,0.340100,0.340301,10,3000,xi_over_L,0.9032625393146019,0.013917691782182131,"configuration bootstrap, 4000 replicates"
Wolff,0.340100,0.340301,20,3000,action_density,-0.5505130236131501,0.0004768073690112356,"configuration bootstrap, 4000 replicates"
Wolff,0.340100,0.340301,20,3000,phi2,0.8284048557191638,0.00030722806872910384,"configuration bootstrap, 4000 replicates"
Wolff,0.340100,0.340301,20,3000,phi4,1.0500318534894744,0.0005953836869752549,"configuration bootstrap, 4000 replicates"
Wolff,0.340100,0.340301,20,3000,NN,0.567247834551956,0.0005028281306405078,"configuration bootstrap, 4000 replicates"
Wolff,0.340100,0.340301,20,3000,2nn,0.47509753077816,0.0006929915075080136,"configuration bootstrap, 4000 replicates"
Wolff,0.340100,0.340301,20,3000,diag,0.5082266622918996,0.0006084762985740682,"configuration bootstrap, 4000 replicates"
Wolff,0.340100,0.340301,20,3000,chi,1238.233414164248,9.33650691994828,"configuration bootstrap, 4000 replicates"
Wolff,0.340100,0.340301,20,3000,U4,0.6104791309343951,0.001977261960049778,"configuration bootstrap, 4000 replicates"
Wolff,0.340100,0.340301,20,3000,xi_over_L,0.8960377359118442,0.014672085861157246,"configuration bootstrap, 4000 replicates"
Wolff,0.340100,0.340301,50,3000,action_density,-0.5500705889655771,0.0004812261325466338,"configuration bootstrap, 4000 replicates"
Wolff,0.340100,0.340301,50,3000,phi2,0.8284784189206479,0.0003098951638986958,"configuration bootstrap, 4000 replicates"
Wolff,0.340100,0.340301,50,3000,phi4,1.0505292289497037,0.0006033437709244427,"configuration bootstrap, 4000 replicates"
Wolff,0.340100,0.340301,50,3000,NN,0.5672341537305451,0.0005082365776648572,"configuration bootstrap, 4000 replicates"
Wolff,0.340100,0.340301,50,3000,2nn,0.4752463095717469,0.000702179392970007,"configuration bootstrap, 4000 replicates"
Wolff,0.340100,0.340301,50,3000,diag,0.5083446113083802,0.0006158312775352941,"configuration bootstrap, 4000 replicates"
Wolff,0.340100,0.340301,50,3000,chi,1233.5559293028446,9.240043871522305,"configuration bootstrap, 4000 replicates"
Wolff,0.340100,0.340301,50,3000,U4,0.6100776375879038,0.0019035035288173868,"configuration bootstrap, 4000 replicates"
Wolff,0.340100,0.340301,50,3000,xi_over_L,0.8964942560945044,0.013848420532403571,"configuration bootstrap, 4000 replicates"
Wolff,0.340100,0.340301,100,3000,action_density,-0.551521738015095,0.0004896005245799478,"configuration bootstrap, 4000 replicates"
Wolff,0.340100,0.340301,100,3000,phi2,0.8290650403785224,0.00031983681851974855,"configuration bootstrap, 4000 replicates"
Wolff,0.340100,0.340301,100,3000,phi4,1.051321907692854,0.0006205364149235952,"configuration bootstrap, 4000 replicates"
Wolff,0.340100,0.340301,100,3000,NN,0.5684516099933784,0.0005211820003858073,"configuration bootstrap, 4000 replicates"
Wolff,0.340100,0.340301,100,3000,2nn,0.4769154691956336,0.0007194427658735143,"configuration bootstrap, 4000 replicates"
Wolff,0.340100,0.340301,100,3000,diag,0.5096704875447362,0.0006260769074646671,"configuration bootstrap, 4000 replicates"
Wolff,0.340100,0.340301,100,3000,chi,1259.3765822794676,9.28876777904043,"configuration bootstrap, 4000 replicates"
Wolff,0.340100,0.340301,100,3000,U4,0.6135888175832238,0.0018386659856925555,"configuration bootstrap, 4000 replicates"
Wolff,0.340100,0.340301,100,3000,xi_over_L,0.9315607237187399,0.01497618206621641,"configuration bootstrap, 4000 replicates"
HMC,0.340301,0.340301,0,5000,action_density,-0.5268401626025451,0.0004164661171879036,"configuration bootstrap, 4000 replicates"
HMC,0.340301,0.340301,0,5000,phi2,0.829876725359392,0.00022904182596503322,"configuration bootstrap, 4000 replicates"
HMC,0.340301,0.340301,0,5000,phi4,1.0775933421003683,0.00043415740924674127,"configuration bootstrap, 4000 replicates"
HMC,0.340301,0.340301,0,5000,NN,0.5690232906629139,0.0003944178881908948,"configuration bootstrap, 4000 replicates"
HMC,0.340301,0.340301,0,5000,2nn,0.4784282897217423,0.000550203576721859,"configuration bootstrap, 4000 replicates"
HMC,0.340301,0.340301,0,5000,diag,0.5131414187822815,0.00047620779139635267,"configuration bootstrap, 4000 replicates"
HMC,0.340301,0.340301,0,5000,chi,1244.0192256780294,7.290805029218397,"configuration bootstrap, 4000 replicates"
HMC,0.340301,0.340301,0,5000,U4,0.6099920008129911,0.0014642624263077036,"configuration bootstrap, 4000 replicates"
HMC,0.340301,0.340301,0,5000,xi_over_L,0.8978215737823045,0.011064075099422893,"configuration bootstrap, 4000 replicates"
HMC,0.340301,0.340301,50,5000,action_density,-0.5500897894961794,0.0003725461893209143,"configuration bootstrap, 4000 replicates"
HMC,0.340301,0.340301,50,5000,phi2,0.8280966271133119,0.0002376825710876713,"configuration bootstrap, 4000 replicates"
HMC,0.340301,0.340301,50,5000,phi4,1.0494773470094756,0.000464555002052584,"configuration bootstrap, 4000 replicates"
HMC,0.340301,0.340301,50,5000,NN,0.5667559817575788,0.00039298086655391204,"configuration bootstrap, 4000 replicates"
HMC,0.340301,0.340301,50,5000,2nn,0.47451824268888665,0.0005462335029807533,"configuration bootstrap, 4000 replicates"
HMC,0.340301,0.340301,50,5000,diag,0.5077135482071128,0.00047523994741008183,"configuration bootstrap, 4000 replicates"
HMC,0.340301,0.340301,50,5000,chi,1227.687639210971,7.151625656017253,"configuration bootstrap, 4000 replicates"
HMC,0.340301,0.340301,50,5000,U4,0.6100504218713814,0.001493968422344046,"configuration bootstrap, 4000 replicates"
HMC,0.340301,0.340301,50,5000,xi_over_L,0.8965764778516142,0.011032788607706002,"configuration bootstrap, 4000 replicates"
HMC,0.340301,0.340301,100,5000,action_density,-0.5503304826092437,0.00037804241174881683,"configuration bootstrap, 4000 replicates"
HMC,0.340301,0.340301,100,5000,phi2,0.828507005202675,0.0002460145598971216,"configuration bootstrap, 4000 replicates"
HMC,0.340301,0.340301,100,5000,phi4,1.050362921725788,0.00047605863216247115,"configuration bootstrap, 4000 replicates"
HMC,0.340301,0.340301,100,5000,NN,0.5672819056749441,0.00040378179178415536,"configuration bootstrap, 4000 replicates"
HMC,0.340301,0.340301,100,5000,2nn,0.47543532984157844,0.0005559259738967807,"configuration bootstrap, 4000 replicates"
HMC,0.340301,0.340301,100,5000,diag,0.5083731521738651,0.00048517377006091704,"configuration bootstrap, 4000 replicates"
HMC,0.340301,0.340301,100,5000,chi,1236.5408290172106,7.209250003010218,"configuration bootstrap, 4000 replicates"
HMC,0.340301,0.340301,100,5000,U4,0.6096898126429815,0.001492723440744198,"configuration bootstrap, 4000 replicates"
HMC,0.340301,0.340301,100,5000,xi_over_L,0.8982258621490763,0.010989032501858701,"configuration bootstrap, 4000 replicates"
HMC,0.340301,0.340301,250,5000,action_density,-0.5499687053950288,0.00036986755237538313,"configuration bootstrap, 4000 replicates"
HMC,0.340301,0.340301,250,5000,phi2,0.8282414314766058,0.00023508918985396866,"configuration bootstrap, 4000 replicates"
HMC,0.340301,0.340301,250,5000,phi4,1.0499856001472543,0.000457460118616397,"configuration bootstrap, 4000 replicates"
HMC,0.340301,0.340301,250,5000,NN,0.5669340334480925,0.00038670890402375997,"configuration bootstrap, 4000 replicates"
HMC,0.340301,0.340301,250,5000,2nn,0.4748658823506734,0.0005319517315057945,"configuration bootstrap, 4000 replicates"
HMC,0.340301,0.340301,250,5000,diag,0.5081083293830442,0.0004642010045357596,"configuration bootstrap, 4000 replicates"
HMC,0.340301,0.340301,250,5000,chi,1237.61775488323,7.045328229836579,"configuration bootstrap, 4000 replicates"
HMC,0.340301,0.340301,250,5000,U4,0.6113014355624562,0.001448224647012935,"configuration bootstrap, 4000 replicates"
HMC,0.340301,0.340301,250,5000,xi_over_L,0.9108302769575155,0.01087060607773912,"configuration bootstrap, 4000 replicates"
HMC,0.340301,0.340301,500,5000,action_density,-0.550365731848867,0.00036901182372141967,"configuration bootstrap, 4000 replicates"
HMC,0.340301,0.340301,500,5000,phi2,0.8283182035643164,0.00023451314726055599,"configuration bootstrap, 4000 replicates"
HMC,0.340301,0.340301,500,5000,phi4,1.049953435671906,0.00045813617677513315,"configuration bootstrap, 4000 replicates"
HMC,0.340301,0.340301,500,5000,NN,0.5671456768834476,0.00038617642785007314,"configuration bootstrap, 4000 replicates"
HMC,0.340301,0.340301,500,5000,2nn,0.47512841746101686,0.0005374622525054088,"configuration bootstrap, 4000 replicates"
HMC,0.340301,0.340301,500,5000,diag,0.5081810459748642,0.00046563377601513216,"configuration bootstrap, 4000 replicates"
HMC,0.340301,0.340301,500,5000,chi,1241.2196513952567,7.2156790403276245,"configuration bootstrap, 4000 replicates"
HMC,0.340301,0.340301,500,5000,U4,0.6112154403455825,0.0014749454019635305,"configuration bootstrap, 4000 replicates"
HMC,0.340301,0.340301,500,5000,xi_over_L,0.917946361429481,0.011343746963967104,"configuration bootstrap, 4000 replicates"
HMC,0.340100,0.340301,0,3000,action_density,-0.5254425681744141,0.0005637976896708189,"configuration bootstrap, 4000 replicates; HMC off-source replicas concatenated"
HMC,0.340100,0.340301,0,3000,phi2,0.8290191275760214,0.0003082784642995614,"configuration bootstrap, 4000 replicates; HMC off-source replicas concatenated"
HMC,0.340100,0.340301,0,3000,phi4,1.0764037606858758,0.0005768720146155656,"configuration bootstrap, 4000 replicates; HMC off-source replicas concatenated"
HMC,0.340100,0.340301,0,3000,NN,0.5677526669656189,0.0005369138782683764,"configuration bootstrap, 4000 replicates; HMC off-source replicas concatenated"
HMC,0.340100,0.340301,0,3000,2nn,0.4762771710458225,0.0007396009192776327,"configuration bootstrap, 4000 replicates; HMC off-source replicas concatenated"
HMC,0.340100,0.340301,0,3000,diag,0.5113478644151236,0.0006481749754519637,"configuration bootstrap, 4000 replicates; HMC off-source replicas concatenated"
HMC,0.340100,0.340301,0,3000,chi,1211.4271425779673,9.6282574852859,"configuration bootstrap, 4000 replicates; HMC off-source replicas concatenated"
HMC,0.340100,0.340301,0,3000,U4,0.603330365311789,0.0020949483949936286,"configuration bootstrap, 4000 replicates; HMC off-source replicas concatenated"
HMC,0.340100,0.340301,0,3000,xi_over_L,0.8681850876058567,0.013557485445020504,"configuration bootstrap, 4000 replicates; HMC off-source replicas concatenated"
HMC,0.340100,0.340301,50,3000,action_density,-0.5493270601624607,0.0004921526061805227,"configuration bootstrap, 4000 replicates; HMC off-source replicas concatenated"
HMC,0.340100,0.340301,50,3000,phi2,0.8279366305432504,0.0003179377446624932,"configuration bootstrap, 4000 replicates; HMC off-source replicas concatenated"
HMC,0.340100,0.340301,50,3000,phi4,1.0494772186585595,0.0006251650570439099,"configuration bootstrap, 4000 replicates; HMC off-source replicas concatenated"
HMC,0.340100,0.340301,50,3000,NN,0.5663130936125443,0.0005265186642099714,"configuration bootstrap, 4000 replicates; HMC off-source replicas concatenated"
HMC,0.340100,0.340301,50,3000,2nn,0.47365410259896806,0.0007278453548890138,"configuration bootstrap, 4000 replicates; HMC off-source replicas concatenated"
HMC,0.340100,0.340301,50,3000,diag,0.5071116035876391,0.0006346420448897306,"configuration bootstrap, 4000 replicates; HMC off-source replicas concatenated"
HMC,0.340100,0.340301,50,3000,chi,1206.878124074662,9.561326453483263,"configuration bootstrap, 4000 replicates; HMC off-source replicas concatenated"
HMC,0.340100,0.340301,50,3000,U4,0.6042874076520395,0.0021225487304716993,"configuration bootstrap, 4000 replicates; HMC off-source replicas concatenated"
HMC,0.340100,0.340301,50,3000,xi_over_L,0.8691835915950775,0.013872867597471427,"configuration bootstrap, 4000 replicates; HMC off-source replicas concatenated"
HMC,0.340100,0.340301,100,3000,action_density,-0.5488943172288673,0.0004841598141753186,"configuration bootstrap, 4000 replicates; HMC off-source replicas concatenated"
HMC,0.340100,0.340301,100,3000,phi2,0.8276534737492773,0.00030621011121446603,"configuration bootstrap, 4000 replicates; HMC off-source replicas concatenated"
HMC,0.340100,0.340301,100,3000,phi4,1.048942285638923,0.000592014730053651,"configuration bootstrap, 4000 replicates; HMC off-source replicas concatenated"
HMC,0.340100,0.340301,100,3000,NN,0.5658102158960103,0.0005085625410693875,"configuration bootstrap, 4000 replicates; HMC off-source replicas concatenated"
HMC,0.340100,0.340301,100,3000,2nn,0.4730962080512933,0.00070655826056243,"configuration bootstrap, 4000 replicates; HMC off-source replicas concatenated"
HMC,0.340100,0.340301,100,3000,diag,0.506692679439537,0.0006133355684295668,"configuration bootstrap, 4000 replicates; HMC off-source replicas concatenated"
HMC,0.340100,0.340301,100,3000,chi,1204.974784857554,9.431150854127052,"configuration bootstrap, 4000 replicates; HMC off-source replicas concatenated"
HMC,0.340100,0.340301,100,3000,U4,0.6053526825399005,0.0020791377620278492,"configuration bootstrap, 4000 replicates; HMC off-source replicas concatenated"
HMC,0.340100,0.340301,100,3000,xi_over_L,0.8659861317441685,0.013884518402947838,"configuration bootstrap, 4000 replicates; HMC off-source replicas concatenated"
HMC,0.340100,0.340301,250,3000,action_density,-0.5488424432804964,0.0004948584291455106,"configuration bootstrap, 4000 replicates; HMC off-source replicas concatenated"
HMC,0.340100,0.340301,250,3000,phi2,0.827721306760061,0.000315529305594916,"configuration bootstrap, 4000 replicates; HMC off-source replicas concatenated"
HMC,0.340100,0.340301,250,3000,phi4,1.0491812276771961,0.0006133033865743947,"configuration bootstrap, 4000 replicates; HMC off-source replicas concatenated"
HMC,0.340100,0.340301,250,3000,NN,0.5658978112006954,0.0005240681166160473,"configuration bootstrap, 4000 replicates; HMC off-source replicas concatenated"
HMC,0.340100,0.340301,250,3000,2nn,0.4732181002846217,0.0007267916684263145,"configuration bootstrap, 4000 replicates; HMC off-source replicas concatenated"
HMC,0.340100,0.340301,250,3000,diag,0.5065834584537803,0.0006272928441465807,"configuration bootstrap, 4000 replicates; HMC off-source replicas concatenated"
HMC,0.340100,0.340301,250,3000,chi,1211.5080067155295,9.672309913594415,"configuration bootstrap, 4000 replicates; HMC off-source replicas concatenated"
HMC,0.340100,0.340301,250,3000,U4,0.605136611834225,0.0021201482438569057,"configuration bootstrap, 4000 replicates; HMC off-source replicas concatenated"
HMC,0.340100,0.340301,250,3000,xi_over_L,0.8653075539397364,0.014138134424324168,"configuration bootstrap, 4000 replicates; HMC off-source replicas concatenated"
HMC,0.340100,0.340301,500,3000,action_density,-0.5488953400106494,0.00048766600127763093,"configuration bootstrap, 4000 replicates; HMC off-source replicas concatenated"
HMC,0.340100,0.340301,500,3000,phi2,0.8273078326518054,0.00031439743330096407,"configuration bootstrap, 4000 replicates; HMC off-source replicas concatenated"
HMC,0.340100,0.340301,500,3000,phi4,1.0481305080001673,0.0006087507757067785,"configuration bootstrap, 4000 replicates; HMC off-source replicas concatenated"
HMC,0.340100,0.340301,500,3000,NN,0.5654685229833376,0.00051675111645191,"configuration bootstrap, 4000 replicates; HMC off-source replicas concatenated"
HMC,0.340100,0.340301,500,3000,2nn,0.4725310142529316,0.0007109339568904003,"configuration bootstrap, 4000 replicates; HMC off-source replicas concatenated"
HMC,0.340100,0.340301,500,3000,diag,0.5060313004841347,0.0006225764387716887,"configuration bootstrap, 4000 replicates; HMC off-source replicas concatenated"
HMC,0.340100,0.340301,500,3000,chi,1201.8589932929121,9.462734796240435,"configuration bootstrap, 4000 replicates; HMC off-source replicas concatenated"
HMC,0.340100,0.340301,500,3000,U4,0.6036960291241644,0.0021126628907463738,"configuration bootstrap, 4000 replicates; HMC off-source replicas concatenated"
HMC,0.340100,0.340301,500,3000,xi_over_L,0.8598405589518988,0.013587575155235402,"configuration bootstrap, 4000 replicates; HMC off-source replicas concatenated"
