old_path,new_path,action,reason
perfect_blocking_upsampling/outputs/controlled_patch_lam0p2/flow_detail_rethermalization_L16to32_latest/runs/run_old/prod_cd_dL16_kc0p323124_N1024_Pc4x1_ec0p16_Pd8x1_jac_20260709_072044/configs,perfect_blocking_upsampling/outputs/controlled_patch_lam0p2/flow_detail_rethermalization_L16to32_latest/runs/run_old/prod_cd_dL16_kc0p323124_N1024_Pc4x1_ec0p16_Pd8x1_jac_20260709_072044/run_config_snapshots,rename,remove active directories named configs; preserve run configuration snapshots in place
perfect_blocking_upsampling/outputs/controlled_patch_lam0p2/flow_detail_rethermalization_L16to32_latest/runs/run_old/prod_cd_dL16_kc0p2900_N1024_Pc6x1_ec0p12_Pd8x16_jac_20260709_233850/configs,perfect_blocking_upsampling/outputs/controlled_patch_lam0p2/flow_detail_rethermalization_L16to32_latest/runs/run_old/prod_cd_dL16_kc0p2900_N1024_Pc6x1_ec0p12_Pd8x16_jac_20260709_233850/run_config_snapshots,rename,remove active directories named configs; preserve run configuration snapshots in place
perfect_blocking_upsampling/outputs/controlled_patch_lam0p2/flow_detail_rethermalization_L16to32_latest/runs/run_old/prod_fmc_dL16_kc0p323124_kf0p323124_N1024_Finit20_Pd8x1_ed0p08_MCcheckerboardx1_ef0p3_20260710_072813/configs,perfect_blocking_upsampling/outputs/controlled_patch_lam0p2/flow_detail_rethermalization_L16to32_latest/runs/run_old/prod_fmc_dL16_kc0p323124_kf0p323124_N1024_Finit20_Pd8x1_ed0p08_MCcheckerboardx1_ef0p3_20260710_072813/run_config_snapshots,rename,remove active directories named configs; preserve run configuration snapshots in place
perfect_blocking_upsampling/outputs/controlled_patch_lam0p2/flow_detail_rethermalization_L16to32_latest/runs/run_old/sanity_coarse_detail_corrected_jacobian_matched_kappa_N8_Pc4_Pd8_20260708_172818/configs,perfect_blocking_upsampling/outputs/controlled_patch_lam0p2/flow_detail_rethermalization_L16to32_latest/runs/run_old/sanity_coarse_detail_corrected_jacobian_matched_kappa_N8_Pc4_Pd8_20260708_172818/run_config_snapshots,rename,remove active directories named configs; preserve run configuration snapshots in place
perfect_blocking_upsampling/outputs/controlled_patch_lam0p2/flow_detail_rethermalization_L16to32_latest/runs/run_old/prod_fmc_dL16_kc0p323124_kf0p323124_N1024_Finit50_Pd8x1_ed0p08_MCcheckerboardx1_ef0p5_20260710_075328/configs,perfect_blocking_upsampling/outputs/controlled_patch_lam0p2/flow_detail_rethermalization_L16to32_latest/runs/run_old/prod_fmc_dL16_kc0p323124_kf0p323124_N1024_Finit50_Pd8x1_ed0p08_MCcheckerboardx1_ef0p5_20260710_075328/run_config_snapshots,rename,remove active directories named configs; preserve run configuration snapshots in place
perfect_blocking_upsampling/outputs/controlled_patch_lam0p2/flow_detail_rethermalization_L16to32_latest/runs/run_old/sanity_N16_patch8_debug2/configs,perfect_blocking_upsampling/outputs/controlled_patch_lam0p2/flow_detail_rethermalization_L16to32_latest/runs/run_old/sanity_N16_patch8_debug2/run_config_snapshots,rename,remove active directories named configs; preserve run configuration snapshots in place
perfect_blocking_upsampling/outputs/controlled_patch_lam0p2/flow_detail_rethermalization_L16to32_latest/runs/run_old/sanity_direct_corrected_onepatch_N8_20260708_185502/configs,perfect_blocking_upsampling/outputs/controlled_patch_lam0p2/flow_detail_rethermalization_L16to32_latest/runs/run_old/sanity_direct_corrected_onepatch_N8_20260708_185502/run_config_snapshots,rename,remove active directories named configs; preserve run configuration snapshots in place
perfect_blocking_upsampling/outputs/controlled_patch_lam0p2/flow_detail_rethermalization_L16to32_latest/runs/run_old/dry_direct/configs,perfect_blocking_upsampling/outputs/controlled_patch_lam0p2/flow_detail_rethermalization_L16to32_latest/runs/run_old/dry_direct/run_config_snapshots,rename,remove active directories named configs; preserve run configuration snapshots in place
perfect_blocking_upsampling/outputs/controlled_patch_lam0p2/flow_detail_rethermalization_L16to32_latest/runs/run_old/prod_do_bL32_N1024_Pd8x1_20260708_205946/configs,perfect_blocking_upsampling/outputs/controlled_patch_lam0p2/flow_detail_rethermalization_L16to32_latest/runs/run_old/prod_do_bL32_N1024_Pd8x1_20260708_205946/run_config_snapshots,rename,remove active directories named configs; preserve run configuration snapshots in place
perfect_blocking_upsampling/outputs/controlled_patch_lam0p2/flow_detail_rethermalization_L16to32_latest/runs/run_old/sanity_direct_detail_only_N4_20260708_190424/configs,perfect_blocking_upsampling/outputs/controlled_patch_lam0p2/flow_detail_rethermalization_L16to32_latest/runs/run_old/sanity_direct_detail_only_N4_20260708_190424/run_config_snapshots,rename,remove active directories named configs; preserve run configuration snapshots in place
perfect_blocking_upsampling/outputs/controlled_patch_lam0p2/flow_detail_rethermalization_L16to32_latest/runs/run_old/prod_do_dL16_kc0p3235_N1024_Pd8x1_20260708_215340/configs,perfect_blocking_upsampling/outputs/controlled_patch_lam0p2/flow_detail_rethermalization_L16to32_latest/runs/run_old/prod_do_dL16_kc0p3235_N1024_Pd8x1_20260708_215340/run_config_snapshots,rename,remove active directories named configs; preserve run configuration snapshots in place
perfect_blocking_upsampling/outputs/controlled_patch_lam0p2/flow_detail_rethermalization_L16to32_latest/runs/run_old/prod_cd_dL16_kc0p323124_N1024_Pc4x1_ec0p16_Pd8x16_jac_20260709_072435/configs,perfect_blocking_upsampling/outputs/controlled_patch_lam0p2/flow_detail_rethermalization_L16to32_latest/runs/run_old/prod_cd_dL16_kc0p323124_N1024_Pc4x1_ec0p16_Pd8x16_jac_20260709_072435/run_config_snapshots,rename,remove active directories named configs; preserve run configuration snapshots in place
perfect_blocking_upsampling/outputs/controlled_patch_lam0p2/flow_detail_rethermalization_L16to32_latest/runs/run_old/prod_cd_dL16_kc0p3235_N128_Pc16x1_ec0p06_Pd16x16_jac_20260710_221300/configs,perfect_blocking_upsampling/outputs/controlled_patch_lam0p2/flow_detail_rethermalization_L16to32_latest/runs/run_old/prod_cd_dL16_kc0p3235_N128_Pc16x1_ec0p06_Pd16x16_jac_20260710_221300/run_config_snapshots,rename,remove active directories named configs; preserve run configuration snapshots in place
perfect_blocking_upsampling/outputs/controlled_patch_lam0p2/flow_detail_rethermalization_L16to32_latest/runs/run_old/production_coarse_detail_matched_kappa_N1024_Pc4_Pd8_20260708_164854/configs,perfect_blocking_upsampling/outputs/controlled_patch_lam0p2/flow_detail_rethermalization_L16to32_latest/runs/run_old/production_coarse_detail_matched_kappa_N1024_Pc4_Pd8_20260708_164854/run_config_snapshots,rename,remove active directories named configs; preserve run configuration snapshots in place
perfect_blocking_upsampling/outputs/controlled_patch_lam0p2/flow_detail_rethermalization_L16to32_latest/runs/run_old/production_coarse_detail_matched_kappa_N1024_Pc4_Pd8_20260708_165718/configs,perfect_blocking_upsampling/outputs/controlled_patch_lam0p2/flow_detail_rethermalization_L16to32_latest/runs/run_old/production_coarse_detail_matched_kappa_N1024_Pc4_Pd8_20260708_165718/run_config_snapshots,rename,remove active directories named configs; preserve run configuration snapshots in place
perfect_blocking_upsampling/outputs/controlled_patch_lam0p2/flow_detail_rethermalization_L16to32_latest/runs/run_old/production_coarse_detail_matched_kappa_N1024_Pc4_Pd8_20260708_164606/configs,perfect_blocking_upsampling/outputs/controlled_patch_lam0p2/flow_detail_rethermalization_L16to32_latest/runs/run_old/production_coarse_detail_matched_kappa_N1024_Pc4_Pd8_20260708_164606/run_config_snapshots,rename,remove active directories named configs; preserve run configuration snapshots in place
perfect_blocking_upsampling/outputs/controlled_patch_lam0p2/flow_detail_rethermalization_L16to32_latest/runs/run_old/prod_cd_dL16_kc0p323124_N1024_Pc16x1_ec0p02_Pd16x16_jac_20260710_122635/configs,perfect_blocking_upsampling/outputs/controlled_patch_lam0p2/flow_detail_rethermalization_L16to32_latest/runs/run_old/prod_cd_dL16_kc0p323124_N1024_Pc16x1_ec0p02_Pd16x16_jac_20260710_122635/run_config_snapshots,rename,remove active directories named configs; preserve run configuration snapshots in place
perfect_blocking_upsampling/outputs/controlled_patch_lam0p2/flow_detail_rethermalization_L16to32_latest/runs/run_old/prod_cd_dL16_kc0p3235_N1024_Pc16x1_ec0p06_Pd16x16_jac_20260710_142419/configs,perfect_blocking_upsampling/outputs/controlled_patch_lam0p2/flow_detail_rethermalization_L16to32_latest/runs/run_old/prod_cd_dL16_kc0p3235_N1024_Pc16x1_ec0p06_Pd16x16_jac_20260710_142419/run_config_snapshots,rename,remove active directories named configs; preserve run configuration snapshots in place
perfect_blocking_upsampling/outputs/controlled_patch_lam0p2/flow_detail_rethermalization_L16to32_latest/runs/run_old/prod_cd_dL16_kc0p3235_N1024_Pc6x1_ec0p12_Pd8x16_jac_20260709_230840/configs,perfect_blocking_upsampling/outputs/controlled_patch_lam0p2/flow_detail_rethermalization_L16to32_latest/runs/run_old/prod_cd_dL16_kc0p3235_N1024_Pc6x1_ec0p12_Pd8x16_jac_20260709_230840/run_config_snapshots,rename,remove active directories named configs; preserve run configuration snapshots in place
perfect_blocking_upsampling/outputs/controlled_patch_lam0p2/flow_detail_rethermalization_L16to32_latest/runs/run_old/production_coarse_detail_matched_kappa_N1024_Pc4_Pd8_20260708_164710/configs,perfect_blocking_upsampling/outputs/controlled_patch_lam0p2/flow_detail_rethermalization_L16to32_latest/runs/run_old/production_coarse_detail_matched_kappa_N1024_Pc4_Pd8_20260708_164710/run_config_snapshots,rename,remove active directories named configs; preserve run configuration snapshots in place
perfect_blocking_upsampling/outputs/controlled_patch_lam0p2/flow_detail_rethermalization_L16to32_latest/runs/run_old/production_coarse_detail_corrected_jacobian_matched_kappa_N1024_Pc4_Pd8_20260708_181653/configs,perfect_blocking_upsampling/outputs/controlled_patch_lam0p2/flow_detail_rethermalization_L16to32_latest/runs/run_old/production_coarse_detail_corrected_jacobian_matched_kappa_N1024_Pc4_Pd8_20260708_181653/run_config_snapshots,rename,remove active directories named configs; preserve run configuration snapshots in place
perfect_blocking_upsampling/outputs/controlled_patch_lam0p2/flow_detail_rethermalization_L16to32_latest/runs/run_old/prod_do_dL16_kc0p3230_N1024_Pd8x1_20260708_215058/configs,perfect_blocking_upsampling/outputs/controlled_patch_lam0p2/flow_detail_rethermalization_L16to32_latest/runs/run_old/prod_do_dL16_kc0p3230_N1024_Pd8x1_20260708_215058/run_config_snapshots,rename,remove active directories named configs; preserve run configuration snapshots in place
perfect_blocking_upsampling/outputs/controlled_patch_lam0p2/flow_detail_rethermalization_L16to32_latest/runs/run_old/sanity_N16_patch8_verified/configs,perfect_blocking_upsampling/outputs/controlled_patch_lam0p2/flow_detail_rethermalization_L16to32_latest/runs/run_old/sanity_N16_patch8_verified/run_config_snapshots,rename,remove active directories named configs; preserve run configuration snapshots in place
perfect_blocking_upsampling/outputs/controlled_patch_lam0p2/flow_detail_rethermalization_L16to32_latest/runs/run_old/prod_cd_dL16_kc0p323124_N128_Pc16x1_ec0p06_Pd16x16_jac_20260710_220347/configs,perfect_blocking_upsampling/outputs/controlled_patch_lam0p2/flow_detail_rethermalization_L16to32_latest/runs/run_old/prod_cd_dL16_kc0p323124_N128_Pc16x1_ec0p06_Pd16x16_jac_20260710_220347/run_config_snapshots,rename,remove active directories named configs; preserve run configuration snapshots in place
perfect_blocking_upsampling/outputs/controlled_patch_lam0p2/flow_detail_rethermalization_L16to32_latest/runs/run_old/prod_do_dL16_kc0p3245_N1024_Pd8x1_20260708_223958/configs,perfect_blocking_upsampling/outputs/controlled_patch_lam0p2/flow_detail_rethermalization_L16to32_latest/runs/run_old/prod_do_dL16_kc0p3245_N1024_Pd8x1_20260708_223958/run_config_snapshots,rename,remove active directories named configs; preserve run configuration snapshots in place
perfect_blocking_upsampling/outputs/controlled_patch_lam0p2/flow_detail_rethermalization_L16to32_latest/runs/run_old/sanity_direct_corrected_PASS1_N4_20260708_185743/configs,perfect_blocking_upsampling/outputs/controlled_patch_lam0p2/flow_detail_rethermalization_L16to32_latest/runs/run_old/sanity_direct_corrected_PASS1_N4_20260708_185743/run_config_snapshots,rename,remove active directories named configs; preserve run configuration snapshots in place
perfect_blocking_upsampling/outputs/controlled_patch_lam0p2/flow_detail_rethermalization_L16to32_latest/runs/run_old/prod_cd_dL16_kc0p323124_N1024_Pc6x1_ec0p12_Pd8x16_jac_20260709_075653/configs,perfect_blocking_upsampling/outputs/controlled_patch_lam0p2/flow_detail_rethermalization_L16to32_latest/runs/run_old/prod_cd_dL16_kc0p323124_N1024_Pc6x1_ec0p12_Pd8x16_jac_20260709_075653/run_config_snapshots,rename,remove active directories named configs; preserve run configuration snapshots in place
perfect_blocking_upsampling/outputs/controlled_patch_lam0p2/flow_detail_rethermalization_L16to32_latest/runs/run_old/sanity_N16_patch8_debug/configs,perfect_blocking_upsampling/outputs/controlled_patch_lam0p2/flow_detail_rethermalization_L16to32_latest/runs/run_old/sanity_N16_patch8_debug/run_config_snapshots,rename,remove active directories named configs; preserve run configuration snapshots in place
perfect_blocking_upsampling/outputs/controlled_patch_lam0p2/flow_detail_rethermalization_L16to32_latest/runs/run_old/production_matched_kappa_N1024_patch8_20260708_141025/configs,perfect_blocking_upsampling/outputs/controlled_patch_lam0p2/flow_detail_rethermalization_L16to32_latest/runs/run_old/production_matched_kappa_N1024_patch8_20260708_141025/run_config_snapshots,rename,remove active directories named configs; preserve run configuration snapshots in place
perfect_blocking_upsampling/outputs/controlled_patch_lam0p2/flow_detail_rethermalization_L16to32_latest/runs/run_old/prod_fmc_dL16_kc0p323124_kf0p323124_N1024_Finit20_Pd8x1_ed0p08_MCcheckerboardx1_ef0p08_20260710_071801/configs,perfect_blocking_upsampling/outputs/controlled_patch_lam0p2/flow_detail_rethermalization_L16to32_latest/runs/run_old/prod_fmc_dL16_kc0p323124_kf0p323124_N1024_Finit20_Pd8x1_ed0p08_MCcheckerboardx1_ef0p08_20260710_071801/run_config_snapshots,rename,remove active directories named configs; preserve run configuration snapshots in place
perfect_blocking_upsampling/outputs/controlled_patch_lam0p2/flow_detail_rethermalization_L16to32_latest/runs/run_old/prod_fmc_dL16_kc0p323124_kf0p323124_N1024_Finit0_Pd8x1_ed0p08_MCcheckerboardx1_ef0p5_20260710_083002/configs,perfect_blocking_upsampling/outputs/controlled_patch_lam0p2/flow_detail_rethermalization_L16to32_latest/runs/run_old/prod_fmc_dL16_kc0p323124_kf0p323124_N1024_Finit0_Pd8x1_ed0p08_MCcheckerboardx1_ef0p5_20260710_083002/run_config_snapshots,rename,remove active directories named configs; preserve run configuration snapshots in place
perfect_blocking_upsampling/outputs/controlled_patch_lam0p2/flow_detail_rethermalization_L16to32_latest/runs/run_old/direct_native_L16_submit_smoke/configs,perfect_blocking_upsampling/outputs/controlled_patch_lam0p2/flow_detail_rethermalization_L16to32_latest/runs/run_old/direct_native_L16_submit_smoke/run_config_snapshots,rename,remove active directories named configs; preserve run configuration snapshots in place
perfect_blocking_upsampling/outputs/controlled_patch_lam0p2/flow_detail_rethermalization_L16to32_latest/runs/run_old/prod_fmc_dL16_kc0p323124_kf0p323124_N1024_Finit20_Pd8x1_ed0p08_MCcheckerboardx1_ef0p08_20260710_072629/configs,perfect_blocking_upsampling/outputs/controlled_patch_lam0p2/flow_detail_rethermalization_L16to32_latest/runs/run_old/prod_fmc_dL16_kc0p323124_kf0p323124_N1024_Finit20_Pd8x1_ed0p08_MCcheckerboardx1_ef0p08_20260710_072629/run_config_snapshots,rename,remove active directories named configs; preserve run configuration snapshots in place
perfect_blocking_upsampling/outputs/controlled_patch_lam0p2/flow_detail_rethermalization_L16to32_latest/runs/run_old/dry_direct_kappac0p3240/configs,perfect_blocking_upsampling/outputs/controlled_patch_lam0p2/flow_detail_rethermalization_L16to32_latest/runs/run_old/dry_direct_kappac0p3240/run_config_snapshots,rename,remove active directories named configs; preserve run configuration snapshots in place
perfect_blocking_upsampling/outputs/controlled_patch_lam0p2/flow_detail_rethermalization_L16to32_latest/runs/run_old/prod_cd_dL16_kc0p2800_N1024_Pc6x1_ec0p12_Pd8x16_jac_20260709_154541/configs,perfect_blocking_upsampling/outputs/controlled_patch_lam0p2/flow_detail_rethermalization_L16to32_latest/runs/run_old/prod_cd_dL16_kc0p2800_N1024_Pc6x1_ec0p12_Pd8x16_jac_20260709_154541/run_config_snapshots,rename,remove active directories named configs; preserve run configuration snapshots in place
perfect_blocking_upsampling/outputs/controlled_patch_lam0p2/flow_detail_rethermalization_L16to32_latest/runs/run_old/dry_sanity_coarse_detail/configs,perfect_blocking_upsampling/outputs/controlled_patch_lam0p2/flow_detail_rethermalization_L16to32_latest/runs/run_old/dry_sanity_coarse_detail/run_config_snapshots,rename,remove active directories named configs; preserve run configuration snapshots in place
perfect_blocking_upsampling/outputs/controlled_patch_lam0p2/flow_detail_rethermalization_L16to32_latest/runs/run_old/prod_fmc_dL16_kc0p323124_kf0p323124_N1024_Finit50_Pd8x1_ed0p08_MCcheckerboardx1_ef0p5_20260710_075610/configs,perfect_blocking_upsampling/outputs/controlled_patch_lam0p2/flow_detail_rethermalization_L16to32_latest/runs/run_old/prod_fmc_dL16_kc0p323124_kf0p323124_N1024_Finit50_Pd8x1_ed0p08_MCcheckerboardx1_ef0p5_20260710_075610/run_config_snapshots,rename,remove active directories named configs; preserve run configuration snapshots in place
perfect_blocking_upsampling/outputs/controlled_patch_lam0p2/flow_detail_rethermalization_L16to32_latest/runs/run_old/prod_cd_dL16_kc0p323124_N1024_Pc6x1_ec0p12_Pd8x16_jac_20260709_230452/configs,perfect_blocking_upsampling/outputs/controlled_patch_lam0p2/flow_detail_rethermalization_L16to32_latest/runs/run_old/prod_cd_dL16_kc0p323124_N1024_Pc6x1_ec0p12_Pd8x16_jac_20260709_230452/run_config_snapshots,rename,remove active directories named configs; preserve run configuration snapshots in place
perfect_blocking_upsampling/outputs/controlled_patch_lam0p2/flow_detail_rethermalization_L16to32_latest/runs/run_old/prod_cd_dL16_kc0p3235_N1024_Pc6x1_ec0p12_Pd8x16_jac_20260709_101058/configs,perfect_blocking_upsampling/outputs/controlled_patch_lam0p2/flow_detail_rethermalization_L16to32_latest/runs/run_old/prod_cd_dL16_kc0p3235_N1024_Pc6x1_ec0p12_Pd8x16_jac_20260709_101058/run_config_snapshots,rename,remove active directories named configs; preserve run configuration snapshots in place
perfect_blocking_upsampling/outputs/controlled_patch_lam0p2/flow_detail_rethermalization_L16to32_latest/runs/run_old/sanity_coarse_detail_matched_kappa_N32_Pc4_Pd8_20260708_161623/configs,perfect_blocking_upsampling/outputs/controlled_patch_lam0p2/flow_detail_rethermalization_L16to32_latest/runs/run_old/sanity_coarse_detail_matched_kappa_N32_Pc4_Pd8_20260708_161623/run_config_snapshots,rename,remove active directories named configs; preserve run configuration snapshots in place
perfect_blocking_upsampling/outputs/controlled_patch_lam0p2/flow_detail_rethermalization_L16to32_latest/runs/run_old/smoke_coarse_detail_N2_patch4/configs,perfect_blocking_upsampling/outputs/controlled_patch_lam0p2/flow_detail_rethermalization_L16to32_latest/runs/run_old/smoke_coarse_detail_N2_patch4/run_config_snapshots,rename,remove active directories named configs; preserve run configuration snapshots in place
perfect_blocking_upsampling/outputs/controlled_patch_lam0p2/flow_detail_rethermalization_L16to32_latest/runs/run_old/prod_cd_dL16_N1024_Pc4x1_Pd8x1_jac_20260708_194812/configs,perfect_blocking_upsampling/outputs/controlled_patch_lam0p2/flow_detail_rethermalization_L16to32_latest/runs/run_old/prod_cd_dL16_N1024_Pc4x1_Pd8x1_jac_20260708_194812/run_config_snapshots,rename,remove active directories named configs; preserve run configuration snapshots in place
perfect_blocking_upsampling/outputs/controlled_patch_lam0p2/flow_detail_rethermalization_L16to32_latest/runs/run_old/prod_cd_dL16_kc0p323124_N1024_Pc6x1_ec0p16_Pd8x16_jac_20260709_074211/configs,perfect_blocking_upsampling/outputs/controlled_patch_lam0p2/flow_detail_rethermalization_L16to32_latest/runs/run_old/prod_cd_dL16_kc0p323124_N1024_Pc6x1_ec0p16_Pd8x16_jac_20260709_074211/run_config_snapshots,rename,remove active directories named configs; preserve run configuration snapshots in place
perfect_blocking_upsampling/outputs/controlled_patch_lam0p2/flow_detail_rethermalization_L16to32_latest/runs/run_old/prod_do_dL16_kc0p3240_N1024_Pd8x1_20260708_215558/configs,perfect_blocking_upsampling/outputs/controlled_patch_lam0p2/flow_detail_rethermalization_L16to32_latest/runs/run_old/prod_do_dL16_kc0p3240_N1024_Pd8x1_20260708_215558/run_config_snapshots,rename,remove active directories named configs; preserve run configuration snapshots in place
perfect_blocking_upsampling/outputs/controlled_patch_lam0p2/flow_detail_rethermalization_L16to32_latest/runs/run_old/prod_cd_dL16_kc0p2900_N1024_Pc6x1_ec0p12_Pd8x16_jac_20260710_105121/configs,perfect_blocking_upsampling/outputs/controlled_patch_lam0p2/flow_detail_rethermalization_L16to32_latest/runs/run_old/prod_cd_dL16_kc0p2900_N1024_Pc6x1_ec0p12_Pd8x16_jac_20260710_105121/run_config_snapshots,rename,remove active directories named configs; preserve run configuration snapshots in place
perfect_blocking_upsampling/outputs/controlled_patch_lam0p2/flow_detail_rethermalization_L16to32_latest/runs/run_old/dry_blocked/configs,perfect_blocking_upsampling/outputs/controlled_patch_lam0p2/flow_detail_rethermalization_L16to32_latest/runs/run_old/dry_blocked/run_config_snapshots,rename,remove active directories named configs; preserve run configuration snapshots in place
perfect_blocking_upsampling/outputs/controlled_patch_lam0p2/flow_detail_rethermalization_L16to32_latest/runs/run_old/sanity_coarse_detail_corrected_jacobian_matched_kappa_N8_Pc4_Pd8_20260708_172918/configs,perfect_blocking_upsampling/outputs/controlled_patch_lam0p2/flow_detail_rethermalization_L16to32_latest/runs/run_old/sanity_coarse_detail_corrected_jacobian_matched_kappa_N8_Pc4_Pd8_20260708_172918/run_config_snapshots,rename,remove active directories named configs; preserve run configuration snapshots in place
perfect_blocking_upsampling/outputs/controlled_patch_lam0p2/flow_detail_rethermalization_L16to32_latest/runs/run_old/prod_fmc_dL16_kc0p323124_kf0p323124_N1024_Finit20_Pd8x1_ed0p08_MCcheckerboardx1_ef0p5_20260710_073352/configs,perfect_blocking_upsampling/outputs/controlled_patch_lam0p2/flow_detail_rethermalization_L16to32_latest/runs/run_old/prod_fmc_dL16_kc0p323124_kf0p323124_N1024_Finit20_Pd8x1_ed0p08_MCcheckerboardx1_ef0p5_20260710_073352/run_config_snapshots,rename,remove active directories named configs; preserve run configuration snapshots in place
perfect_blocking_upsampling/outputs/controlled_patch_lam0p2/flow_detail_rethermalization_L16to32_latest/runs/run_old/prod_cd_dL16_kc0p2800_N1024_Pc6x1_ec0p12_Pd8x16_jac_20260709_231834/configs,perfect_blocking_upsampling/outputs/controlled_patch_lam0p2/flow_detail_rethermalization_L16to32_latest/runs/run_old/prod_cd_dL16_kc0p2800_N1024_Pc6x1_ec0p12_Pd8x16_jac_20260709_231834/run_config_snapshots,rename,remove active directories named configs; preserve run configuration snapshots in place
perfect_blocking_upsampling/outputs/controlled_patch_lam0p2/flow_detail_rethermalization_L16to32_latest/runs/run_old/production_coarse_detail_corrected_jacobian_matched_kappa_N1024_Pc4_Pd8_20260708_173940/configs,perfect_blocking_upsampling/outputs/controlled_patch_lam0p2/flow_detail_rethermalization_L16to32_latest/runs/run_old/production_coarse_detail_corrected_jacobian_matched_kappa_N1024_Pc4_Pd8_20260708_173940/run_config_snapshots,rename,remove active directories named configs; preserve run configuration snapshots in place
perfect_blocking_upsampling/outputs/controlled_patch_lam0p2/flow_detail_rethermalization_L16to32_latest/runs/run_old/sanity_coarse_detail_matched_kappa_N32_Pc4_Pd8_20260708_162529/configs,perfect_blocking_upsampling/outputs/controlled_patch_lam0p2/flow_detail_rethermalization_L16to32_latest/runs/run_old/sanity_coarse_detail_matched_kappa_N32_Pc4_Pd8_20260708_162529/run_config_snapshots,rename,remove active directories named configs; preserve run configuration snapshots in place
perfect_blocking_upsampling/outputs/controlled_patch_lam0p2/flow_detail_rethermalization_L16to32_latest/runs/run_old/prod_do_dL16_N1024_Pd8x1_20260708_212801/configs,perfect_blocking_upsampling/outputs/controlled_patch_lam0p2/flow_detail_rethermalization_L16to32_latest/runs/run_old/prod_do_dL16_N1024_Pd8x1_20260708_212801/run_config_snapshots,rename,remove active directories named configs; preserve run configuration snapshots in place
perfect_blocking_upsampling/outputs/controlled_patch_lam0p2/flow_detail_rethermalization_L16to32_latest/runs/run_old/prod_cd_dL16_kc0p323124_N1024_Pc16x1_ec0p06_Pd16x16_jac_20260710_135528/configs,perfect_blocking_upsampling/outputs/controlled_patch_lam0p2/flow_detail_rethermalization_L16to32_latest/runs/run_old/prod_cd_dL16_kc0p323124_N1024_Pc16x1_ec0p06_Pd16x16_jac_20260710_135528/run_config_snapshots,rename,remove active directories named configs; preserve run configuration snapshots in place
perfect_blocking_upsampling/outputs/controlled_patch_lam0p2/flow_detail_rethermalization_L16to32_latest/runs/run_old/prod_do_dL16_N1024_Pd8x1_20260708_204151/configs,perfect_blocking_upsampling/outputs/controlled_patch_lam0p2/flow_detail_rethermalization_L16to32_latest/runs/run_old/prod_do_dL16_N1024_Pd8x1_20260708_204151/run_config_snapshots,rename,remove active directories named configs; preserve run configuration snapshots in place
perfect_blocking_upsampling/outputs/controlled_patch_lam0p2/flow_detail_rethermalization_L16to32_latest/runs/run_old/prod_cd_dL16_kc0p323124_N1024_Pc16x1_ec0p04_Pd16x16_jac_20260710_123706/configs,perfect_blocking_upsampling/outputs/controlled_patch_lam0p2/flow_detail_rethermalization_L16to32_latest/runs/run_old/prod_cd_dL16_kc0p323124_N1024_Pc16x1_ec0p04_Pd16x16_jac_20260710_123706/run_config_snapshots,rename,remove active directories named configs; preserve run configuration snapshots in place
perfect_blocking_upsampling/outputs/controlled_patch_lam0p2/flow_detail_rethermalization_L16to32_latest/runs/run_old/prod_do_dL16_N1024_Pd8x1_20260708_214755/configs,perfect_blocking_upsampling/outputs/controlled_patch_lam0p2/flow_detail_rethermalization_L16to32_latest/runs/run_old/prod_do_dL16_N1024_Pd8x1_20260708_214755/run_config_snapshots,rename,remove active directories named configs; preserve run configuration snapshots in place
perfect_blocking_upsampling/outputs/controlled_patch_lam0p2/flow_detail_rethermalization_L16to32_latest/runs/run_old/prod_do_dL16_N1024_Pd8x1_20260708_211829/configs,perfect_blocking_upsampling/outputs/controlled_patch_lam0p2/flow_detail_rethermalization_L16to32_latest/runs/run_old/prod_do_dL16_N1024_Pd8x1_20260708_211829/run_config_snapshots,rename,remove active directories named configs; preserve run configuration snapshots in place
perfect_blocking_upsampling/outputs/controlled_patch_lam0p2/flow_detail_rethermalization_L16to32_latest/runs/run_old/prod_fmc_dL16_kc0p323124_kf0p323124_N1024_Finit0_Pd8x1_ed0p08_MCcheckerboardx1_ef0p5_20260710_073749/configs,perfect_blocking_upsampling/outputs/controlled_patch_lam0p2/flow_detail_rethermalization_L16to32_latest/runs/run_old/prod_fmc_dL16_kc0p323124_kf0p323124_N1024_Finit0_Pd8x1_ed0p08_MCcheckerboardx1_ef0p5_20260710_073749/run_config_snapshots,rename,remove active directories named configs; preserve run configuration snapshots in place
perfect_blocking_upsampling/outputs/controlled_patch_lam0p2/flow_detail_rethermalization_L16to32_latest/runs/run_old/prod_do_dL16_N1024_Pd8x1_20260708_210308/configs,perfect_blocking_upsampling/outputs/controlled_patch_lam0p2/flow_detail_rethermalization_L16to32_latest/runs/run_old/prod_do_dL16_N1024_Pd8x1_20260708_210308/run_config_snapshots,rename,remove active directories named configs; preserve run configuration snapshots in place
perfect_blocking_upsampling/outputs/controlled_patch_lam0p2/flow_detail_rethermalization_L32to64_latest/runs/prod_cd_dL32_kc0p3225_N64_Pc32x1_ec0p04_Pd32x16_jac_20260711_053912/configs,perfect_blocking_upsampling/outputs/controlled_patch_lam0p2/flow_detail_rethermalization_L32to64_latest/runs/prod_cd_dL32_kc0p3225_N64_Pc32x1_ec0p04_Pd32x16_jac_20260711_053912/run_config_snapshots,rename,remove active directories named configs; preserve run configuration snapshots in place
perfect_blocking_upsampling/outputs/controlled_patch_lam0p2/flow_detail_rethermalization_L32to64_latest/runs/prod_cd_dL32_kc0p323124_N500_Finit50_Pc16x1_ec0p06_Pd16x20_jac_20260713_124648/configs,perfect_blocking_upsampling/outputs/controlled_patch_lam0p2/flow_detail_rethermalization_L32to64_latest/runs/prod_cd_dL32_kc0p323124_N500_Finit50_Pc16x1_ec0p06_Pd16x20_jac_20260713_124648/run_config_snapshots,rename,remove active directories named configs; preserve run configuration snapshots in place
perfect_blocking_upsampling/outputs/controlled_patch_lam0p2/flow_detail_rethermalization_L32to64_latest/runs/prod_cd_dL32_kc0p323124_N64_Finit100_Pc32x1_ec0p04_Pd16x20_jac_20260711_165541/configs,perfect_blocking_upsampling/outputs/controlled_patch_lam0p2/flow_detail_rethermalization_L32to64_latest/runs/prod_cd_dL32_kc0p323124_N64_Finit100_Pc32x1_ec0p04_Pd16x20_jac_20260711_165541/run_config_snapshots,rename,remove active directories named configs; preserve run configuration snapshots in place
perfect_blocking_upsampling/outputs/controlled_patch_lam0p2/flow_detail_rethermalization_L32to64_latest/runs/prod_cd_dL32_kc0p3235_N64_Finit100_Pc32x1_ec0p04_Pd16x20_jac_20260711_165914/configs,perfect_blocking_upsampling/outputs/controlled_patch_lam0p2/flow_detail_rethermalization_L32to64_latest/runs/prod_cd_dL32_kc0p3235_N64_Finit100_Pc32x1_ec0p04_Pd16x20_jac_20260711_165914/run_config_snapshots,rename,remove active directories named configs; preserve run configuration snapshots in place
perfect_blocking_upsampling/outputs/controlled_patch_lam0p2/flow_detail_rethermalization_L32to64_latest/runs/prod_cd_dL32_kc0p323124_N64_Pc32x1_ec0p04_Pd32x16_jac_20260711_085935/configs,perfect_blocking_upsampling/outputs/controlled_patch_lam0p2/flow_detail_rethermalization_L32to64_latest/runs/prod_cd_dL32_kc0p323124_N64_Pc32x1_ec0p04_Pd32x16_jac_20260711_085935/run_config_snapshots,rename,remove active directories named configs; preserve run configuration snapshots in place
perfect_blocking_upsampling/outputs/controlled_patch_lam0p2/flow_detail_rethermalization_L32to64_latest/runs/prod_cd_dL32_kc0p323124_N64_Pc32x1_ec0p04_Pd32x200_jac_20260711_155124/configs,perfect_blocking_upsampling/outputs/controlled_patch_lam0p2/flow_detail_rethermalization_L32to64_latest/runs/prod_cd_dL32_kc0p323124_N64_Pc32x1_ec0p04_Pd32x200_jac_20260711_155124/run_config_snapshots,rename,remove active directories named configs; preserve run configuration snapshots in place
perfect_blocking_upsampling/outputs/controlled_patch_lam0p2/flow_detail_rethermalization_L32to64_latest/runs/prod_cd_dL32_kc0p323124_N64_Pc16x1_ec0p06_Pd16x16_jac_20260710_222909/configs,perfect_blocking_upsampling/outputs/controlled_patch_lam0p2/flow_detail_rethermalization_L32to64_latest/runs/prod_cd_dL32_kc0p323124_N64_Pc16x1_ec0p06_Pd16x16_jac_20260710_222909/run_config_snapshots,rename,remove active directories named configs; preserve run configuration snapshots in place
perfect_blocking_upsampling/outputs/controlled_patch_lam0p2/flow_detail_rethermalization_L32to64_latest/runs/prod_cd_dL32_kc0p3235_N64_Pc32x1_ec0p04_Pd32x16_jac_20260710_230603/configs,perfect_blocking_upsampling/outputs/controlled_patch_lam0p2/flow_detail_rethermalization_L32to64_latest/runs/prod_cd_dL32_kc0p3235_N64_Pc32x1_ec0p04_Pd32x16_jac_20260710_230603/run_config_snapshots,rename,remove active directories named configs; preserve run configuration snapshots in place
perfect_blocking_upsampling/outputs/controlled_patch_lam0p2/flow_detail_rethermalization_L32to64_latest/runs/prod_cd_dL32_kc0p323124_N500_Finit50_Pc16x1_ec0p06_Pd16x20_jac_20260713_124321/configs,perfect_blocking_upsampling/outputs/controlled_patch_lam0p2/flow_detail_rethermalization_L32to64_latest/runs/prod_cd_dL32_kc0p323124_N500_Finit50_Pc16x1_ec0p06_Pd16x20_jac_20260713_124321/run_config_snapshots,rename,remove active directories named configs; preserve run configuration snapshots in place
perfect_blocking_upsampling/outputs/controlled_patch_lam0p2/flow_detail_rethermalization_L32to64_latest/runs/prod_cd_dL32_kc0p323124_N64_Pc32x1_ec0p04_Pd32x200_jac_20260711_152817/configs,perfect_blocking_upsampling/outputs/controlled_patch_lam0p2/flow_detail_rethermalization_L32to64_latest/runs/prod_cd_dL32_kc0p323124_N64_Pc32x1_ec0p04_Pd32x200_jac_20260711_152817/run_config_snapshots,rename,remove active directories named configs; preserve run configuration snapshots in place
perfect_blocking_upsampling/outputs/controlled_patch_lam0p2/flow_detail_rethermalization_L32to64_latest/runs/prod_cd_dL32_kc0p323124_N64_Pc32x1_ec0p06_Pd32x16_jac_20260710_224005/configs,perfect_blocking_upsampling/outputs/controlled_patch_lam0p2/flow_detail_rethermalization_L32to64_latest/runs/prod_cd_dL32_kc0p323124_N64_Pc32x1_ec0p06_Pd32x16_jac_20260710_224005/run_config_snapshots,rename,remove active directories named configs; preserve run configuration snapshots in place
perfect_blocking_upsampling/outputs/controlled_patch_lam0p2/flow_detail_rethermalization_L32to64_latest/runs/combined_prod_cd_dL32_kc0p323124_N2064_Finit50_Pc16x1_ec0p06_Pd16x20_jac_to_sweep325_final_configs_20260714/configs,perfect_blocking_upsampling/outputs/controlled_patch_lam0p2/flow_detail_rethermalization_L32to64_latest/runs/combined_prod_cd_dL32_kc0p323124_N2064_Finit50_Pc16x1_ec0p06_Pd16x20_jac_to_sweep325_final_configs_20260714/run_config_snapshots,rename,remove active directories named configs; preserve run configuration snapshots in place
perfect_blocking_upsampling/outputs/controlled_patch_lam0p2/flow_detail_rethermalization_L32to64_latest/runs/prod_cd_dL32_kc0p323124_N64_Pc32x1_ec0p04_Pd32x16_jac_20260711_090736/configs,perfect_blocking_upsampling/outputs/controlled_patch_lam0p2/flow_detail_rethermalization_L32to64_latest/runs/prod_cd_dL32_kc0p323124_N64_Pc32x1_ec0p04_Pd32x16_jac_20260711_090736/run_config_snapshots,rename,remove active directories named configs; preserve run configuration snapshots in place
perfect_blocking_upsampling/outputs/controlled_patch_lam0p2/flow_detail_rethermalization_L32to64_latest/runs/prod_cd_dL32_kc0p323124_N64_Finit500_Pc32x1_ec0p04_Pd16x20_jac_20260711_162300/configs,perfect_blocking_upsampling/outputs/controlled_patch_lam0p2/flow_detail_rethermalization_L32to64_latest/runs/prod_cd_dL32_kc0p323124_N64_Finit500_Pc32x1_ec0p04_Pd16x20_jac_20260711_162300/run_config_snapshots,rename,remove active directories named configs; preserve run configuration snapshots in place
perfect_blocking_upsampling/outputs/controlled_patch_lam0p2/flow_detail_rethermalization_L32to64_latest/runs/prod_cd_dL32_kc0p323124_N64_Finit50_Pc16x1_ec0p06_Pd16x20_jac_20260713_061934/configs,perfect_blocking_upsampling/outputs/controlled_patch_lam0p2/flow_detail_rethermalization_L32to64_latest/runs/prod_cd_dL32_kc0p323124_N64_Finit50_Pc16x1_ec0p06_Pd16x20_jac_20260713_061934/run_config_snapshots,rename,remove active directories named configs; preserve run configuration snapshots in place
perfect_blocking_upsampling/outputs/controlled_patch_lam0p2/flow_detail_rethermalization_L32to64_latest/runs/prod_cd_dL32_kc0p323124_N500_Finit50_Pc16x1_ec0p06_Pd16x20_jac_20260713_124423/configs,perfect_blocking_upsampling/outputs/controlled_patch_lam0p2/flow_detail_rethermalization_L32to64_latest/runs/prod_cd_dL32_kc0p323124_N500_Finit50_Pc16x1_ec0p06_Pd16x20_jac_20260713_124423/run_config_snapshots,rename,remove active directories named configs; preserve run configuration snapshots in place
perfect_blocking_upsampling/outputs/controlled_patch_lam0p2/flow_detail_rethermalization_L32to64_latest/runs/prod_cd_dL32_kc0p323124_N64_Pc32x1_ec0p03_Pd32x16_jac_20260710_223546/configs,perfect_blocking_upsampling/outputs/controlled_patch_lam0p2/flow_detail_rethermalization_L32to64_latest/runs/prod_cd_dL32_kc0p323124_N64_Pc32x1_ec0p03_Pd32x16_jac_20260710_223546/run_config_snapshots,rename,remove active directories named configs; preserve run configuration snapshots in place
perfect_blocking_upsampling/outputs/controlled_patch_lam0p2/flow_detail_rethermalization_L32to64_latest/runs/prod_cd_dL32_kc0p323124_N500_Finit50_Pc16x1_ec0p06_Pd16x20_jac_20260713_123942/configs,perfect_blocking_upsampling/outputs/controlled_patch_lam0p2/flow_detail_rethermalization_L32to64_latest/runs/prod_cd_dL32_kc0p323124_N500_Finit50_Pc16x1_ec0p06_Pd16x20_jac_20260713_123942/run_config_snapshots,rename,remove active directories named configs; preserve run configuration snapshots in place
perfect_blocking_upsampling/outputs/controlled_patch_lam0p2/flow_detail_rethermalization_L32to64_latest/runs/prod_cd_dL32_kc0p323124_N64_Finit500_Pc32x1_ec0p04_Pd32x20_jac_20260711_155437/configs,perfect_blocking_upsampling/outputs/controlled_patch_lam0p2/flow_detail_rethermalization_L32to64_latest/runs/prod_cd_dL32_kc0p323124_N64_Finit500_Pc32x1_ec0p04_Pd32x20_jac_20260711_155437/run_config_snapshots,rename,remove active directories named configs; preserve run configuration snapshots in place
perfect_blocking_upsampling/outputs/controlled_patch_lam0p2/flow_detail_rethermalization_L32to64_latest/runs/prod_cd_dL32_kc0p323124_N64_Pc32x1_ec0p04_Pd32x16_jac_20260711_063407/configs,perfect_blocking_upsampling/outputs/controlled_patch_lam0p2/flow_detail_rethermalization_L32to64_latest/runs/prod_cd_dL32_kc0p323124_N64_Pc32x1_ec0p04_Pd32x16_jac_20260711_063407/run_config_snapshots,rename,remove active directories named configs; preserve run configuration snapshots in place
perfect_blocking_upsampling/outputs/controlled_patch_lam0p2/flow_detail_rethermalization_L32to64_latest/runs/prod_cd_dL32_kc0p323124_N64_Finit50_Pc16x1_ec0p06_Pd16x20_jac_20260713_054808/configs,perfect_blocking_upsampling/outputs/controlled_patch_lam0p2/flow_detail_rethermalization_L32to64_latest/runs/prod_cd_dL32_kc0p323124_N64_Finit50_Pc16x1_ec0p06_Pd16x20_jac_20260713_054808/run_config_snapshots,rename,remove active directories named configs; preserve run configuration snapshots in place
perfect_blocking_upsampling/outputs/controlled_patch_lam0p2/flow_detail_rethermalization_L32to64_latest/runs/prod_cd_dL32_kc0p323124_N64_Finit500_Pc32x1_ec0p04_Pd16x20_jac_20260711_160625/configs,perfect_blocking_upsampling/outputs/controlled_patch_lam0p2/flow_detail_rethermalization_L32to64_latest/runs/prod_cd_dL32_kc0p323124_N64_Finit500_Pc32x1_ec0p04_Pd16x20_jac_20260711_160625/run_config_snapshots,rename,remove active directories named configs; preserve run configuration snapshots in place
perfect_blocking_upsampling/outputs/controlled_patch_lam0p2/flow_detail_rethermalization_L32to64_latest/runs/prod_cd_dL32_kc0p323124_N64_Finit50_Pc32x1_ec0p04_Pd32x20_jac_20260713_054232/configs,perfect_blocking_upsampling/outputs/controlled_patch_lam0p2/flow_detail_rethermalization_L32to64_latest/runs/prod_cd_dL32_kc0p323124_N64_Finit50_Pc32x1_ec0p04_Pd32x20_jac_20260713_054232/run_config_snapshots,rename,remove active directories named configs; preserve run configuration snapshots in place
perfect_blocking_upsampling/outputs/controlled_patch_lam0p2/flow_detail_rethermalization_L32to64_latest/runs/prod_cd_dL32_kc0p323124_N500_Finit50_Pc16x1_ec0p06_Pd16x20_jac_20260713_124454/configs,perfect_blocking_upsampling/outputs/controlled_patch_lam0p2/flow_detail_rethermalization_L32to64_latest/runs/prod_cd_dL32_kc0p323124_N500_Finit50_Pc16x1_ec0p06_Pd16x20_jac_20260713_124454/run_config_snapshots,rename,remove active directories named configs; preserve run configuration snapshots in place
perfect_blocking_upsampling/outputs/controlled_patch_lam0p2/flow_detail_rethermalization_L8to16_latest/runs/prod_cd_dL8_kc0p323124_N1024_Pc6x1_ec0p12_Pd8x16_jac_20260710_111545/configs,perfect_blocking_upsampling/outputs/controlled_patch_lam0p2/flow_detail_rethermalization_L8to16_latest/runs/prod_cd_dL8_kc0p323124_N1024_Pc6x1_ec0p12_Pd8x16_jac_20260710_111545/run_config_snapshots,rename,remove active directories named configs; preserve run configuration snapshots in place
perfect_blocking_upsampling/outputs/controlled_patch_lam0p2/flow_detail_rethermalization_L8to16_latest/runs/prod_cd_dL8_kc0p323124_N1024_Pc6x1_ec0p12_Pd8x16_jac_20260710_112615/configs,perfect_blocking_upsampling/outputs/controlled_patch_lam0p2/flow_detail_rethermalization_L8to16_latest/runs/prod_cd_dL8_kc0p323124_N1024_Pc6x1_ec0p12_Pd8x16_jac_20260710_112615/run_config_snapshots,rename,remove active directories named configs; preserve run configuration snapshots in place
perfect_blocking_upsampling/outputs/controlled_patch_lam0p2/flow_detail_rethermalization_L8to16_latest/runs/prod_cd_dL8_kc0p323124_N1024_Pc8x1_ec0p10_Pd8x16_jac_20260710_112651/configs,perfect_blocking_upsampling/outputs/controlled_patch_lam0p2/flow_detail_rethermalization_L8to16_latest/runs/prod_cd_dL8_kc0p323124_N1024_Pc8x1_ec0p10_Pd8x16_jac_20260710_112651/run_config_snapshots,rename,remove active directories named configs; preserve run configuration snapshots in place
perfect_blocking_upsampling/outputs/controlled_patch_lam0p2/flow_detail_rethermalization_L16to32_latest/runs/prod_cd_dL16_kc0p3225_N1000_Finit50_Pc16x1_ec0p06_Pd16x20_jac_20260713_210815/configs,perfect_blocking_upsampling/outputs/controlled_patch_lam0p2/flow_detail_rethermalization_L16to32_latest/runs/prod_cd_dL16_kc0p3225_N1000_Finit50_Pc16x1_ec0p06_Pd16x20_jac_20260713_210815/run_config_snapshots,rename,remove active directories named configs; preserve run configuration snapshots in place
perfect_blocking_upsampling/outputs/controlled_patch_lam0p2/flow_detail_rethermalization_L16to32_latest/runs/prod_cd_dL16_kc0p323124_N256_Finit100_Pc16x1_ec0p06_Pd16x20_jac_20260711_193123/configs,perfect_blocking_upsampling/outputs/controlled_patch_lam0p2/flow_detail_rethermalization_L16to32_latest/runs/prod_cd_dL16_kc0p323124_N256_Finit100_Pc16x1_ec0p06_Pd16x20_jac_20260711_193123/run_config_snapshots,rename,remove active directories named configs; preserve run configuration snapshots in place
perfect_blocking_upsampling/outputs/controlled_patch_lam0p2/flow_detail_rethermalization_L16to32_latest/runs/prod_cd_dL16_kc0p323124_N256_Finit50_Pc16x1_ec0p06_Pd16x20_jac_20260712_081937/configs,perfect_blocking_upsampling/outputs/controlled_patch_lam0p2/flow_detail_rethermalization_L16to32_latest/runs/prod_cd_dL16_kc0p323124_N256_Finit50_Pc16x1_ec0p06_Pd16x20_jac_20260712_081937/run_config_snapshots,rename,remove active directories named configs; preserve run configuration snapshots in place
perfect_blocking_upsampling/outputs/controlled_patch_lam0p2/flow_detail_rethermalization_L16to32_latest/runs/prod_cd_dL16_kc0p323124_N1000_Finit50_Pc16x1_ec0p06_Pd16x20_jac_20260712_105736/configs,perfect_blocking_upsampling/outputs/controlled_patch_lam0p2/flow_detail_rethermalization_L16to32_latest/runs/prod_cd_dL16_kc0p323124_N1000_Finit50_Pc16x1_ec0p06_Pd16x20_jac_20260712_105736/run_config_snapshots,rename,remove active directories named configs; preserve run configuration snapshots in place
perfect_blocking_upsampling/outputs/controlled_patch_lam0p2/flow_detail_rethermalization_L16to32_latest/runs/prod_cd_dL16_kc0p2900_N500_Finit50_Pc16x1_ec0p06_Pd16x20_jac_20260715_145227/configs,perfect_blocking_upsampling/outputs/controlled_patch_lam0p2/flow_detail_rethermalization_L16to32_latest/runs/prod_cd_dL16_kc0p2900_N500_Finit50_Pc16x1_ec0p06_Pd16x20_jac_20260715_145227/run_config_snapshots,rename,remove active directories named configs; preserve run configuration snapshots in place
perfect_blocking_upsampling/outputs/controlled_patch_lam0p2/flow_detail_rethermalization_L16to32_latest/runs/prod_cd_dL16_kc0p3235_N256_Finit100_Pc16x1_ec0p06_Pd16x20_jac_20260711_204359/configs,perfect_blocking_upsampling/outputs/controlled_patch_lam0p2/flow_detail_rethermalization_L16to32_latest/runs/prod_cd_dL16_kc0p3235_N256_Finit100_Pc16x1_ec0p06_Pd16x20_jac_20260711_204359/run_config_snapshots,rename,remove active directories named configs; preserve run configuration snapshots in place
perfect_blocking_upsampling/outputs/controlled_patch_lam0p2/flow_detail_rethermalization_L16to32_latest/runs/prod_cd_dL16_kc0p3225_N100_Finit50_Pc16x1_ec0p06_Pd16x20_jac_20260714_125319/configs,perfect_blocking_upsampling/outputs/controlled_patch_lam0p2/flow_detail_rethermalization_L16to32_latest/runs/prod_cd_dL16_kc0p3225_N100_Finit50_Pc16x1_ec0p06_Pd16x20_jac_20260714_125319/run_config_snapshots,rename,remove active directories named configs; preserve run configuration snapshots in place
perfect_blocking_upsampling/outputs/controlled_patch_lam0p2/flow_detail_rethermalization_L16to32_latest/runs/prod_cd_dL16_kc0p3225_N1000_Finit50_Pc16x1_ec0p06_Pd16x20_jac_20260713_221648/configs,perfect_blocking_upsampling/outputs/controlled_patch_lam0p2/flow_detail_rethermalization_L16to32_latest/runs/prod_cd_dL16_kc0p3225_N1000_Finit50_Pc16x1_ec0p06_Pd16x20_jac_20260713_221648/run_config_snapshots,rename,remove active directories named configs; preserve run configuration snapshots in place
perfect_blocking_upsampling/outputs/controlled_patch_lam0p2/flow_detail_rethermalization_L16to32_latest/runs/prod_cd_dL16_kc0p3225_N100_Finit50_Pc16x1_ec0p06_Pd16x20_jac_20260714_140928/configs,perfect_blocking_upsampling/outputs/controlled_patch_lam0p2/flow_detail_rethermalization_L16to32_latest/runs/prod_cd_dL16_kc0p3225_N100_Finit50_Pc16x1_ec0p06_Pd16x20_jac_20260714_140928/run_config_snapshots,rename,remove active directories named configs; preserve run configuration snapshots in place
perfect_blocking_upsampling/outputs/controlled_patch_lam0p2/flow_detail_rethermalization_L16to32_latest/runs/prod_cd_dL16_kc0p323124_N1000_Finit50_Pc16x1_ec0p06_Pd16x20_jac_20260712_105036/configs,perfect_blocking_upsampling/outputs/controlled_patch_lam0p2/flow_detail_rethermalization_L16to32_latest/runs/prod_cd_dL16_kc0p323124_N1000_Finit50_Pc16x1_ec0p06_Pd16x20_jac_20260712_105036/run_config_snapshots,rename,remove active directories named configs; preserve run configuration snapshots in place
perfect_blocking_upsampling/outputs/controlled_patch_lam0p2/flow_detail_rethermalization_L16to32_latest/runs/prod_cd_dL16_kc0p323124_N1000_Finit50_Pc16x1_ec0p06_Pd16x20_jac_20260712_113131/configs,perfect_blocking_upsampling/outputs/controlled_patch_lam0p2/flow_detail_rethermalization_L16to32_latest/runs/prod_cd_dL16_kc0p323124_N1000_Finit50_Pc16x1_ec0p06_Pd16x20_jac_20260712_113131/run_config_snapshots,rename,remove active directories named configs; preserve run configuration snapshots in place
perfect_blocking_upsampling/outputs/controlled_patch_lam0p2/flow_detail_rethermalization_L16to32_latest/runs/prod_cd_dL16_kc0p3235_N500_Finit50_Pc16x1_ec0p06_Pd16x20_jac_20260714_160903/configs,perfect_blocking_upsampling/outputs/controlled_patch_lam0p2/flow_detail_rethermalization_L16to32_latest/runs/prod_cd_dL16_kc0p3235_N500_Finit50_Pc16x1_ec0p06_Pd16x20_jac_20260714_160903/run_config_snapshots,rename,remove active directories named configs; preserve run configuration snapshots in place
perfect_blocking_upsampling/outputs/controlled_patch_lam0p2/flow_detail_rethermalization_L16to32_latest/runs/prod_cd_dL16_kc0p323124_N1000_Finit50_Pc16x1_ec0p06_Pd16x20_jac_20260712_142531/configs,perfect_blocking_upsampling/outputs/controlled_patch_lam0p2/flow_detail_rethermalization_L16to32_latest/runs/prod_cd_dL16_kc0p323124_N1000_Finit50_Pc16x1_ec0p06_Pd16x20_jac_20260712_142531/run_config_snapshots,rename,remove active directories named configs; preserve run configuration snapshots in place
perfect_blocking_upsampling/outputs/controlled_patch_lam0p2/flow_detail_rethermalization_L16to32_latest/runs/prod_cd_dL16_kc0p323124_N256_Finit100_Pc16x1_ec0p06_Pd16x20_jac_20260711_204940/configs,perfect_blocking_upsampling/outputs/controlled_patch_lam0p2/flow_detail_rethermalization_L16to32_latest/runs/prod_cd_dL16_kc0p323124_N256_Finit100_Pc16x1_ec0p06_Pd16x20_jac_20260711_204940/run_config_snapshots,rename,remove active directories named configs; preserve run configuration snapshots in place
perfect_blocking_upsampling/outputs/controlled_patch_lam0p2/flow_detail_rethermalization_L16to32_latest/runs/prod_do_bL32_kc0p323124_N1024_Pd8x16_20260709_224417/configs,perfect_blocking_upsampling/outputs/controlled_patch_lam0p2/flow_detail_rethermalization_L16to32_latest/runs/prod_do_bL32_kc0p323124_N1024_Pd8x16_20260709_224417/run_config_snapshots,rename,remove active directories named configs; preserve run configuration snapshots in place
perfect_blocking_upsampling/outputs/controlled_patch_lam0p2/flow_detail_rethermalization_L16to32_latest/runs/prod_cd_dL16_kc0p3235_N256_Finit100_Pc16x1_ec0p06_Pd16x20_jac_20260711_192936/configs,perfect_blocking_upsampling/outputs/controlled_patch_lam0p2/flow_detail_rethermalization_L16to32_latest/runs/prod_cd_dL16_kc0p3235_N256_Finit100_Pc16x1_ec0p06_Pd16x20_jac_20260711_192936/run_config_snapshots,rename,remove active directories named configs; preserve run configuration snapshots in place
perfect_blocking_upsampling/outputs/controlled_patch_lam0p2/flow_detail_rethermalization_L16to32_latest/runs/prod_cd_dL16_kc0p3235_N500_Finit50_Pc16x1_ec0p06_Pd16x20_jac_20260714_151734/configs,perfect_blocking_upsampling/outputs/controlled_patch_lam0p2/flow_detail_rethermalization_L16to32_latest/runs/prod_cd_dL16_kc0p3235_N500_Finit50_Pc16x1_ec0p06_Pd16x20_jac_20260714_151734/run_config_snapshots,rename,remove active directories named configs; preserve run configuration snapshots in place
perfect_blocking_upsampling/outputs/controlled_patch_lam0p2/flow_detail_rethermalization_L16to32_latest/runs/prod_cd_dL16_kc0p2900_N500_Finit50_Pc16x1_ec0p06_Pd16x20_jac_20260714_230642/configs,perfect_blocking_upsampling/outputs/controlled_patch_lam0p2/flow_detail_rethermalization_L16to32_latest/runs/prod_cd_dL16_kc0p2900_N500_Finit50_Pc16x1_ec0p06_Pd16x20_jac_20260714_230642/run_config_snapshots,rename,remove active directories named configs; preserve run configuration snapshots in place
perfect_blocking_upsampling/outputs/controlled_patch_lam0p2/flow_detail_rethermalization_L16to32_latest/runs/prod_cd_dL16_kc0p3235_N500_Finit50_Pc16x1_ec0p06_Pd16x20_jac_20260714_145704/configs,perfect_blocking_upsampling/outputs/controlled_patch_lam0p2/flow_detail_rethermalization_L16to32_latest/runs/prod_cd_dL16_kc0p3235_N500_Finit50_Pc16x1_ec0p06_Pd16x20_jac_20260714_145704/run_config_snapshots,rename,remove active directories named configs; preserve run configuration snapshots in place
perfect_blocking_upsampling/outputs/controlled_patch_lam0p2/flow_detail_rethermalization_L16to32_latest/runs/prod_cd_dL16_kc0p323124_N1000_Finit50_Pc16x1_ec0p06_Pd16x20_jac_20260712_130604/configs,perfect_blocking_upsampling/outputs/controlled_patch_lam0p2/flow_detail_rethermalization_L16to32_latest/runs/prod_cd_dL16_kc0p323124_N1000_Finit50_Pc16x1_ec0p06_Pd16x20_jac_20260712_130604/run_config_snapshots,rename,remove active directories named configs; preserve run configuration snapshots in place
perfect_blocking_upsampling/outputs/controlled_patch_lam0p2/flow_detail_rethermalization_L16to32_latest/runs/prod_cd_dL16_kc0p3225_N1000_Finit50_Pc16x1_ec0p06_Pd16x20_jac_20260713_222709/configs,perfect_blocking_upsampling/outputs/controlled_patch_lam0p2/flow_detail_rethermalization_L16to32_latest/runs/prod_cd_dL16_kc0p3225_N1000_Finit50_Pc16x1_ec0p06_Pd16x20_jac_20260713_222709/run_config_snapshots,rename,remove active directories named configs; preserve run configuration snapshots in place
perfect_blocking_upsampling/outputs/controlled_patch_lam0p2/flow_detail_rethermalization_L16to32_latest/runs/prod_cd_dL16_kc0p323124_N256_Finit100_Pc16x1_ec0p06_Pd16x20_jac_20260712_061047/configs,perfect_blocking_upsampling/outputs/controlled_patch_lam0p2/flow_detail_rethermalization_L16to32_latest/runs/prod_cd_dL16_kc0p323124_N256_Finit100_Pc16x1_ec0p06_Pd16x20_jac_20260712_061047/run_config_snapshots,rename,remove active directories named configs; preserve run configuration snapshots in place
perfect_blocking_upsampling/outputs/controlled_patch_lam0p2/flow_detail_rethermalization_L16to32_latest/runs/prod_cd_dL16_kc0p323124_N256_Finit50_Pc16x1_ec0p06_Pd16x20_jac_20260712_071348/configs,perfect_blocking_upsampling/outputs/controlled_patch_lam0p2/flow_detail_rethermalization_L16to32_latest/runs/prod_cd_dL16_kc0p323124_N256_Finit50_Pc16x1_ec0p06_Pd16x20_jac_20260712_071348/run_config_snapshots,rename,remove active directories named configs; preserve run configuration snapshots in place
perfect_blocking_upsampling/outputs/controlled_patch_lam0p2/flow_detail_rethermalization_L16to32_latest/runs/prod_cd_dL16_kc0p3000_N500_Finit50_Pc16x1_ec0p06_Pd16x20_jac_20260715_062758/configs,perfect_blocking_upsampling/outputs/controlled_patch_lam0p2/flow_detail_rethermalization_L16to32_latest/runs/prod_cd_dL16_kc0p3000_N500_Finit50_Pc16x1_ec0p06_Pd16x20_jac_20260715_062758/run_config_snapshots,rename,remove active directories named configs; preserve run configuration snapshots in place
perfect_blocking_upsampling/outputs/controlled_patch_lam0p2/flow_detail_rethermalization_L16to32_latest/runs/prod_cd_dL16_kc0p323124_N256_Finit100_Pc16x1_ec0p06_Pd16x20_jac_20260711_202722/configs,perfect_blocking_upsampling/outputs/controlled_patch_lam0p2/flow_detail_rethermalization_L16to32_latest/runs/prod_cd_dL16_kc0p323124_N256_Finit100_Pc16x1_ec0p06_Pd16x20_jac_20260711_202722/run_config_snapshots,rename,remove active directories named configs; preserve run configuration snapshots in place
perfect_blocking_upsampling/outputs/controlled_patch_lam0p2/flow_detail_rethermalization_L16to32_latest/runs/prod_cd_dL16_kc0p3235_N500_Finit50_Pc16x1_ec0p06_Pd16x20_jac_20260714_161521/configs,perfect_blocking_upsampling/outputs/controlled_patch_lam0p2/flow_detail_rethermalization_L16to32_latest/runs/prod_cd_dL16_kc0p3235_N500_Finit50_Pc16x1_ec0p06_Pd16x20_jac_20260714_161521/run_config_snapshots,rename,remove active directories named configs; preserve run configuration snapshots in place
perfect_blocking_upsampling/outputs/controlled_patch_lam0p2/flow_detail_rethermalization_L16to32_latest/runs/prod_cd_dL16_kc0p3235_N256_Finit100_Pc16x1_ec0p06_Pd16x20_jac_20260711_204642/configs,perfect_blocking_upsampling/outputs/controlled_patch_lam0p2/flow_detail_rethermalization_L16to32_latest/runs/prod_cd_dL16_kc0p3235_N256_Finit100_Pc16x1_ec0p06_Pd16x20_jac_20260711_204642/run_config_snapshots,rename,remove active directories named configs; preserve run configuration snapshots in place
perfect_blocking_upsampling/outputs/controlled_patch_lam0p2/flow_detail_rethermalization_L16to32_latest/runs/prod_cd_dL16_kc0p2900_N500_Finit50_Pc16x1_ec0p06_Pd16x20_jac_20260715_070554/configs,perfect_blocking_upsampling/outputs/controlled_patch_lam0p2/flow_detail_rethermalization_L16to32_latest/runs/prod_cd_dL16_kc0p2900_N500_Finit50_Pc16x1_ec0p06_Pd16x20_jac_20260715_070554/run_config_snapshots,rename,remove active directories named configs; preserve run configuration snapshots in place
perfect_blocking_upsampling/outputs/controlled_patch_lam0p2/flow_detail_rethermalization_L16to32_latest/runs/prod_cd_dL16_kc0p323124_N1000_Finit50_Pc16x1_ec0p06_Pd16x20_jac_20260712_082647/configs,perfect_blocking_upsampling/outputs/controlled_patch_lam0p2/flow_detail_rethermalization_L16to32_latest/runs/prod_cd_dL16_kc0p323124_N1000_Finit50_Pc16x1_ec0p06_Pd16x20_jac_20260712_082647/run_config_snapshots,rename,remove active directories named configs; preserve run configuration snapshots in place
perfect_blocking_upsampling/outputs/controlled_patch_lam0p2/flow_detail_rethermalization_L16to32_latest/runs/prod_cd_dL16_kc0p323124_N1000_Finit50_Pc16x1_ec0p06_Pd16x20_jac_20260712_082444/configs,perfect_blocking_upsampling/outputs/controlled_patch_lam0p2/flow_detail_rethermalization_L16to32_latest/runs/prod_cd_dL16_kc0p323124_N1000_Finit50_Pc16x1_ec0p06_Pd16x20_jac_20260712_082444/run_config_snapshots,rename,remove active directories named configs; preserve run configuration snapshots in place
perfect_blocking_upsampling/outputs/controlled_patch_lam0p2/flow_detail_rethermalization_L16to32_latest/runs/prod_cd_dL16_kc0p323124_N256_Finit100_Pc16x1_ec0p06_Pd16x20_jac_20260711_231648/configs,perfect_blocking_upsampling/outputs/controlled_patch_lam0p2/flow_detail_rethermalization_L16to32_latest/runs/prod_cd_dL16_kc0p323124_N256_Finit100_Pc16x1_ec0p06_Pd16x20_jac_20260711_231648/run_config_snapshots,rename,remove active directories named configs; preserve run configuration snapshots in place
perfect_blocking_upsampling/outputs/controlled_patch_lam0p2/flow_detail_rethermalization_L16to32_latest/runs/prod_cd_dL16_kc0p3225_N100_Finit50_Pc16x1_ec0p06_Pd16x20_jac_20260714_142020/configs,perfect_blocking_upsampling/outputs/controlled_patch_lam0p2/flow_detail_rethermalization_L16to32_latest/runs/prod_cd_dL16_kc0p3225_N100_Finit50_Pc16x1_ec0p06_Pd16x20_jac_20260714_142020/run_config_snapshots,rename,remove active directories named configs; preserve run configuration snapshots in place
perfect_blocking_upsampling/outputs/controlled_patch_lam0p2/flow_detail_rethermalization_L16to32_latest/runs/prod_cd_dL16_kc0p3225_N256_Finit50_Pc16x1_ec0p06_Pd16x20_jac_20260713_200444/configs,perfect_blocking_upsampling/outputs/controlled_patch_lam0p2/flow_detail_rethermalization_L16to32_latest/runs/prod_cd_dL16_kc0p3225_N256_Finit50_Pc16x1_ec0p06_Pd16x20_jac_20260713_200444/run_config_snapshots,rename,remove active directories named configs; preserve run configuration snapshots in place
perfect_blocking_upsampling/outputs/controlled_patch_lam0p2/flow_detail_rethermalization_L16to32_latest/runs/prod_cd_dL16_kc0p2800_N500_Finit50_Pc16x1_ec0p06_Pd16x20_jac_20260714_224124/configs,perfect_blocking_upsampling/outputs/controlled_patch_lam0p2/flow_detail_rethermalization_L16to32_latest/runs/prod_cd_dL16_kc0p2800_N500_Finit50_Pc16x1_ec0p06_Pd16x20_jac_20260714_224124/run_config_snapshots,rename,remove active directories named configs; preserve run configuration snapshots in place
perfect_blocking_upsampling/outputs/controlled_patch_lam0p2/flow_detail_rethermalization_L16to32_latest/runs/prod_cd_dL16_kc0p323124_N256_Finit100_Pc16x1_ec0p06_Pd16x20_jac_20260711_222048/configs,perfect_blocking_upsampling/outputs/controlled_patch_lam0p2/flow_detail_rethermalization_L16to32_latest/runs/prod_cd_dL16_kc0p323124_N256_Finit100_Pc16x1_ec0p06_Pd16x20_jac_20260711_222048/run_config_snapshots,rename,remove active directories named configs; preserve run configuration snapshots in place
perfect_blocking_upsampling/outputs/controlled_patch_lam0p2/flow_detail_rethermalization_L16to32_latest/runs/prod_cd_dL16_kc0p2900_N500_Finit50_Pc16x1_ec0p06_Pd16x20_jac_20260715_065125/configs,perfect_blocking_upsampling/outputs/controlled_patch_lam0p2/flow_detail_rethermalization_L16to32_latest/runs/prod_cd_dL16_kc0p2900_N500_Finit50_Pc16x1_ec0p06_Pd16x20_jac_20260715_065125/run_config_snapshots,rename,remove active directories named configs; preserve run configuration snapshots in place
perfect_blocking_upsampling/outputs/controlled_patch_lam0p2/flow_detail_rethermalization_L16to32_latest/runs/prod_cd_dL16_kc0p323124_N256_Finit100_Pc16x1_ec0p06_Pd16x20_jac_20260711_173549/configs,perfect_blocking_upsampling/outputs/controlled_patch_lam0p2/flow_detail_rethermalization_L16to32_latest/runs/prod_cd_dL16_kc0p323124_N256_Finit100_Pc16x1_ec0p06_Pd16x20_jac_20260711_173549/run_config_snapshots,rename,remove active directories named configs; preserve run configuration snapshots in place
perfect_blocking_upsampling/outputs/controlled_patch_lam0p2/flow_detail_rethermalization_L16to32_latest/runs/prod_cd_dL16_kc0p323124_N256_Finit100_Pc16x1_ec0p06_Pd16x20_jac_20260711_203817/configs,perfect_blocking_upsampling/outputs/controlled_patch_lam0p2/flow_detail_rethermalization_L16to32_latest/runs/prod_cd_dL16_kc0p323124_N256_Finit100_Pc16x1_ec0p06_Pd16x20_jac_20260711_203817/run_config_snapshots,rename,remove active directories named configs; preserve run configuration snapshots in place
perfect_blocking_upsampling/outputs/controlled_patch_lam0p2/detmold_fine_rethermalization/smoke_L16to32_N2_single_site/configs,perfect_blocking_upsampling/outputs/controlled_patch_lam0p2/detmold_fine_rethermalization/smoke_L16to32_N2_single_site/run_config_snapshots,rename,remove active directories named configs; preserve run configuration snapshots in place
perfect_blocking_upsampling/outputs/controlled_patch_lam0p2/detmold_fine_rethermalization/resume_test_split/configs,perfect_blocking_upsampling/outputs/controlled_patch_lam0p2/detmold_fine_rethermalization/resume_test_split/run_config_snapshots,rename,remove active directories named configs; preserve run configuration snapshots in place
perfect_blocking_upsampling/outputs/controlled_patch_lam0p2/detmold_fine_rethermalization/smoke_L16to32_N2/configs,perfect_blocking_upsampling/outputs/controlled_patch_lam0p2/detmold_fine_rethermalization/smoke_L16to32_N2/run_config_snapshots,rename,remove active directories named configs; preserve run configuration snapshots in place
perfect_blocking_upsampling/outputs/controlled_patch_lam0p2/detmold_fine_rethermalization/smoke_L16to32_N2_single_site_drift/configs,perfect_blocking_upsampling/outputs/controlled_patch_lam0p2/detmold_fine_rethermalization/smoke_L16to32_N2_single_site_drift/run_config_snapshots,rename,remove active directories named configs; preserve run configuration snapshots in place
perfect_blocking_upsampling/outputs/controlled_patch_lam0p2/detmold_fine_rethermalization/resume_test_uninterrupted/configs,perfect_blocking_upsampling/outputs/controlled_patch_lam0p2/detmold_fine_rethermalization/resume_test_uninterrupted/run_config_snapshots,rename,remove active directories named configs; preserve run configuration snapshots in place
perfect_blocking_upsampling/outputs/controlled_patch_lam0p2/rand5x5_0084_repro_workflow/k_inverse_detail_flow_optionA/configs,perfect_blocking_upsampling/outputs/controlled_patch_lam0p2/rand5x5_0084_repro_workflow/k_inverse_detail_flow_optionA/run_config_snapshots,rename,remove active directories named configs; preserve run configuration snapshots in place
perfect_blocking_upsampling/outputs/controlled_patch_lam0p2/mit_acceptance_trained_inverse_blocking_L8to16/train_smoke_RKL_only_rerun/configs,perfect_blocking_upsampling/outputs/controlled_patch_lam0p2/mit_acceptance_trained_inverse_blocking_L8to16/train_smoke_RKL_only_rerun/run_config_snapshots,rename,remove active directories named configs; preserve run configuration snapshots in place
perfect_blocking_upsampling/outputs/controlled_patch_lam0p2/mit_acceptance_trained_inverse_blocking_L8to16/preflight_smoke_fraction_check/configs,perfect_blocking_upsampling/outputs/controlled_patch_lam0p2/mit_acceptance_trained_inverse_blocking_L8to16/preflight_smoke_fraction_check/run_config_snapshots,rename,remove active directories named configs; preserve run configuration snapshots in place
perfect_blocking_upsampling/outputs/controlled_patch_lam0p2/mit_acceptance_trained_inverse_blocking_L8to16/train_current_best_RKL_only_a0p0_kc0p323124_kf0p323124_20260710_204408/configs,perfect_blocking_upsampling/outputs/controlled_patch_lam0p2/mit_acceptance_trained_inverse_blocking_L8to16/train_current_best_RKL_only_a0p0_kc0p323124_kf0p323124_20260710_204408/run_config_snapshots,rename,remove active directories named configs; preserve run configuration snapshots in place
perfect_blocking_upsampling/outputs/controlled_patch_lam0p2/mit_acceptance_trained_inverse_blocking_L8to16/preflight_smoke/configs,perfect_blocking_upsampling/outputs/controlled_patch_lam0p2/mit_acceptance_trained_inverse_blocking_L8to16/preflight_smoke/run_config_snapshots,rename,remove active directories named configs; preserve run configuration snapshots in place
perfect_blocking_upsampling/outputs/controlled_patch_lam0p2/mit_acceptance_trained_inverse_blocking_L8to16/train_smoke_RKL_only/configs,perfect_blocking_upsampling/outputs/controlled_patch_lam0p2/mit_acceptance_trained_inverse_blocking_L8to16/train_smoke_RKL_only/run_config_snapshots,rename,remove active directories named configs; preserve run configuration snapshots in place
perfect_blocking_upsampling/outputs/controlled_patch_lam0p2/flow_detail_rethermalization_L16to32_latest/configs,perfect_blocking_upsampling/outputs/controlled_patch_lam0p2/flow_detail_rethermalization_L16to32_latest/run_config_snapshots,rename,remove active directories named configs; preserve run configuration snapshots in place
perfect_blocking_upsampling/outputs/lam0p5_5x5_multilevel_training/diagnostic_training/configs,perfect_blocking_upsampling/outputs/lam0p5_5x5_multilevel_training/diagnostic_training/run_config_snapshots,rename,remove active directories named configs; preserve run configuration snapshots in place
perfect_blocking_upsampling/outputs/lam0p5_5x5_multilevel_training/configs,perfect_blocking_upsampling/outputs/lam0p5_5x5_multilevel_training/run_config_snapshots,rename,remove active directories named configs; preserve run configuration snapshots in place
perfect_blocking_upsampling/outputs/lam0p5_5x5_kernel_search/configs,perfect_blocking_upsampling/outputs/lam0p5_5x5_kernel_search/run_config_snapshots,rename,remove active directories named configs; preserve run configuration snapshots in place
perfect_blocking_upsampling/outputs/gathered_edge_distillation_smoke/configs,perfect_blocking_upsampling/outputs/gathered_edge_distillation_smoke/run_config_snapshots,rename,remove active directories named configs; preserve run configuration snapshots in place
